naslov,avtor,ocena_raw,povezava
To Kill a Mockingbird,Harper Lee,"4.26 avg rating — 7,072,620 ratings",https://www.goodreads.com/book/show/2657.To_Kill_a_Mockingbird
1984,George Orwell,"4.20 avg rating — 5,696,598 ratings",https://www.goodreads.com/book/show/5470.1984
Pride and Prejudice,Jane Austen,"4.30 avg rating — 4,966,466 ratings",https://www.goodreads.com/book/show/1885.Pride_and_Prejudice
"Harry Potter and the Sorcerer's Stone (Harry Potter, #1)",J.K. Rowling,"4.47 avg rating — 11,722,414 ratings",https://www.goodreads.com/book/show/3.Harry_Potter_and_the_Sorcerer_s_Stone
The Great Gatsby,F. Scott Fitzgerald,"3.93 avg rating — 6,094,371 ratings",https://www.goodreads.com/book/show/4671.The_Great_Gatsby
Jane Eyre,Charlotte Brontë,"4.16 avg rating — 2,394,811 ratings",https://www.goodreads.com/book/show/10210.Jane_Eyre
Lord of the Flies,William Golding,"3.70 avg rating — 3,291,176 ratings",https://www.goodreads.com/book/show/7624.Lord_of_the_Flies
Alice’s Adventures in Wonderland / Through the Looking-Glass,Lewis Carroll,"4.06 avg rating — 620,774 ratings",https://www.goodreads.com/book/show/24213.Alice_s_Adventures_in_Wonderland_Through_the_Looking_Glass
"The Lord of the Rings (The Lord of the Rings, #1-3)",J.R.R. Tolkien,"4.55 avg rating — 745,446 ratings",https://www.goodreads.com/book/show/33.The_Lord_of_the_Rings
"The Hobbit, or There and Back Again",J.R.R. Tolkien,"4.30 avg rating — 4,591,504 ratings",https://www.goodreads.com/book/show/5907.The_Hobbit_or_There_and_Back_Again
Animal Farm,George Orwell,"4.03 avg rating — 4,757,887 ratings",https://www.goodreads.com/book/show/7613.Animal_Farm
Brave New World,Aldous Huxley,"3.98 avg rating — 2,136,376 ratings",https://www.goodreads.com/book/show/5129.Brave_New_World
Fahrenheit 451,Ray Bradbury,"3.97 avg rating — 2,955,981 ratings",https://www.goodreads.com/book/show/17470674-fahrenheit-451
Wuthering Heights,Emily Brontë,"3.89 avg rating — 2,267,909 ratings",https://www.goodreads.com/book/show/6185.Wuthering_Heights
"The Hitchhiker's Guide to the Galaxy (Hitchhiker's Guide to the Galaxy, #1)",Douglas Adams,"4.22 avg rating — 2,063,373 ratings",https://www.goodreads.com/book/show/11.The_Hitchhiker_s_Guide_to_the_Galaxy
The Little Prince,Antoine de Saint-Exupéry,"4.34 avg rating — 2,576,190 ratings",https://www.goodreads.com/book/show/157993.The_Little_Prince
Crime and Punishment,Fyodor Dostoevsky,"4.29 avg rating — 1,139,380 ratings",https://www.goodreads.com/book/show/7144.Crime_and_Punishment
The Picture of Dorian Gray,Oscar Wilde,"4.13 avg rating — 1,974,093 ratings",https://www.goodreads.com/book/show/5297.The_Picture_of_Dorian_Gray
"The Handmaid’s Tale (The Handmaid's Tale, #1)",Margaret Atwood(Goodreads Author),"4.16 avg rating — 2,531,943 ratings",https://www.goodreads.com/book/show/38447.The_Handmaid_s_Tale
The Catcher in the Rye,J.D. Salinger,"3.80 avg rating — 3,985,764 ratings",https://www.goodreads.com/book/show/5107.The_Catcher_in_the_Rye
"The Adventures of Huckleberry Finn (Adventures of Tom and Huck, #2)",Mark Twain,"3.83 avg rating — 1,350,113 ratings",https://www.goodreads.com/book/show/2956.The_Adventures_of_Huckleberry_Finn
"The Chronicles of Narnia (The Chronicles of Narnia, #1-7)",C.S. Lewis,"4.28 avg rating — 720,046 ratings",https://www.goodreads.com/book/show/11127.The_Chronicles_of_Narnia
The Count of Monte Cristo,Alexandre Dumas,"4.33 avg rating — 1,069,089 ratings",https://www.goodreads.com/book/show/7126.The_Count_of_Monte_Cristo
Great Expectations,Charles Dickens,"3.80 avg rating — 890,623 ratings",https://www.goodreads.com/book/show/2623.Great_Expectations
"Little Women (Little Women, #1)",Louisa May Alcott,"4.18 avg rating — 2,525,184 ratings",https://www.goodreads.com/book/show/1934.Little_Women
Frankenstein,Mary Wollstonecraft Shelley,"3.92 avg rating — 1,980,570 ratings",https://www.goodreads.com/book/show/18490.Frankenstein
The Grapes of Wrath,John Steinbeck,"4.03 avg rating — 1,019,677 ratings",https://www.goodreads.com/book/show/18114322-the-grapes-of-wrath
Gone with the Wind,Margaret Mitchell,"4.31 avg rating — 1,268,517 ratings",https://www.goodreads.com/book/show/18405.Gone_with_the_Wind
One Flew Over the Cuckoo’s Nest,Ken Kesey,"4.20 avg rating — 792,572 ratings",https://www.goodreads.com/book/show/332613.One_Flew_Over_the_Cuckoo_s_Nest
The Curious Incident of the Dog in the Night-Time,Mark Haddon,"3.89 avg rating — 1,626,111 ratings",https://www.goodreads.com/book/show/1618.The_Curious_Incident_of_the_Dog_in_the_Night_Time
Of Mice and Men,John Steinbeck,"3.90 avg rating — 2,924,955 ratings",https://www.goodreads.com/book/show/890.Of_Mice_and_Men
Anna Karenina,Leo Tolstoy,"4.11 avg rating — 959,672 ratings",https://www.goodreads.com/book/show/15823480-anna-karenina
The Old Man and the Sea,Ernest Hemingway,"3.81 avg rating — 1,360,867 ratings",https://www.goodreads.com/book/show/2165.The_Old_Man_and_the_Sea
Catch-22,Joseph Heller,"3.99 avg rating — 900,857 ratings",https://www.goodreads.com/book/show/168668.Catch_22
Sense and Sensibility,Jane Austen,"4.09 avg rating — 1,328,196 ratings",https://www.goodreads.com/book/show/14935.Sense_and_Sensibility
Lolita,Vladimir Nabokov,"3.87 avg rating — 971,593 ratings",https://www.goodreads.com/book/show/7604.Lolita
One Hundred Years of Solitude,Gabriel García Márquez,"4.12 avg rating — 1,139,156 ratings",https://www.goodreads.com/book/show/320.One_Hundred_Years_of_Solitude
Rebecca,Daphne du Maurier,"4.25 avg rating — 755,169 ratings",https://www.goodreads.com/book/show/17899948-rebecca
The Name of the Rose,Umberto Eco,"4.14 avg rating — 404,428 ratings",https://www.goodreads.com/book/show/119073.The_Name_of_the_Rose
Madame Bovary,Gustave Flaubert,"3.71 avg rating — 386,572 ratings",https://www.goodreads.com/book/show/2175.Madame_Bovary
And Then There Were None,Agatha Christie,"4.27 avg rating — 1,689,647 ratings",https://www.goodreads.com/book/show/16299.And_Then_There_Were_None
The Master and Margarita,Mikhail Bulgakov,"4.28 avg rating — 442,827 ratings",https://www.goodreads.com/book/show/117833.The_Master_and_Margarita
"Dune (Dune, #1)",Frank Herbert,"4.29 avg rating — 1,690,248 ratings",https://www.goodreads.com/book/show/234225.Dune
Slaughterhouse-Five,Kurt Vonnegut Jr.,"4.10 avg rating — 1,517,713 ratings",https://www.goodreads.com/book/show/4981.Slaughterhouse_Five
A Tale of Two Cities,Charles Dickens,"3.88 avg rating — 1,029,618 ratings",https://www.goodreads.com/book/show/1953.A_Tale_of_Two_Cities
Don Quixote,Miguel de Cervantes Saavedra,"3.91 avg rating — 312,863 ratings",https://www.goodreads.com/book/show/3836.Don_Quixote
"The Godfather (The Godfather, #1)",Mario Puzo,"4.40 avg rating — 475,482 ratings",https://www.goodreads.com/book/show/22034.The_Godfather
A Clockwork Orange,Anthony Burgess,"really liked it4.00 avg rating — 788,020 ratings",https://www.goodreads.com/book/show/227463.A_Clockwork_Orange
War and Peace,Leo Tolstoy,"4.17 avg rating — 375,379 ratings",https://www.goodreads.com/book/show/656.War_and_Peace
The Trial,Franz Kafka,"3.93 avg rating — 415,829 ratings",https://www.goodreads.com/book/show/17690.The_Trial
Emma,Jane Austen,"4.05 avg rating — 1,014,530 ratings",https://www.goodreads.com/book/show/6969.Emma
The Remains of the Day,Kazuo Ishiguro(Goodreads Author),"4.14 avg rating — 380,069 ratings",https://www.goodreads.com/book/show/28921.The_Remains_of_the_Day
"The Hound of the Baskervilles (Sherlock Holmes, #5)",Arthur Conan Doyle,"4.13 avg rating — 400,279 ratings",https://www.goodreads.com/book/show/8921.The_Hound_of_the_Baskervilles
The Scarlet Letter,Nathaniel Hawthorne,"3.44 avg rating — 937,516 ratings",https://www.goodreads.com/book/show/12296.The_Scarlet_Letter
One Day in the Life of Ivan Denisovich,Aleksandr Solzhenitsyn,"3.98 avg rating — 128,154 ratings",https://www.goodreads.com/book/show/17125.One_Day_in_the_Life_of_Ivan_Denisovich
Gulliver’s Travels,Jonathan Swift,"3.59 avg rating — 303,880 ratings",https://www.goodreads.com/book/show/7733.Gulliver_s_Travels
"The Color Purple (The Color Purple, #1)",Alice Walker,"4.28 avg rating — 768,822 ratings",https://www.goodreads.com/book/show/11486.The_Color_Purple
Candide,Voltaire,"3.76 avg rating — 308,454 ratings",https://www.goodreads.com/book/show/385059.Candide
The Time Traveler's Wife,Audrey Niffenegger(Goodreads Author),"really liked it4.00 avg rating — 1,874,192 ratings",https://www.goodreads.com/book/show/18619684-the-time-traveler-s-wife
Bell Jar,Sylvia Plath,"4.04 avg rating — 1,293,071 ratings",https://www.goodreads.com/book/show/839102.Bell_Jar
Love in the Time of Cholera,Gabriel García Márquez,"3.94 avg rating — 559,113 ratings",https://www.goodreads.com/book/show/9712.Love_in_the_Time_of_Cholera
The Kite Runner,Khaled Hosseini(Goodreads Author),"4.36 avg rating — 3,584,507 ratings",https://www.goodreads.com/book/show/77203.The_Kite_Runner
The Stranger,Albert Camus,"4.03 avg rating — 1,495,683 ratings",https://www.goodreads.com/book/show/49552.The_Stranger
The Unbearable Lightness of Being,Milan Kundera,"4.10 avg rating — 562,825 ratings",https://www.goodreads.com/book/show/9717.The_Unbearable_Lightness_of_Being
Alice in Wonderland,Jane Carruth(Adapted By),"4.03 avg rating — 397,753 ratings",https://www.goodreads.com/book/show/13023.Alice_in_Wonderland
The Adventures of Tom Sawyer,Mark Twain,"3.92 avg rating — 1,039,784 ratings",https://www.goodreads.com/book/show/1183375.The_Adventures_of_Tom_Sawyer
Perfume: The Story of a Murderer,Patrick Süskind,"4.04 avg rating — 578,446 ratings",https://www.goodreads.com/book/show/343.Perfume
Mrs. Dalloway,Virginia Woolf,"3.77 avg rating — 370,988 ratings",https://www.goodreads.com/book/show/14942.Mrs_Dalloway
The Brothers Karamazov,Fyodor Dostoevsky,"4.40 avg rating — 408,701 ratings",https://www.goodreads.com/book/show/4934.The_Brothers_Karamazov
The Wind in the Willows,Kenneth Grahame,"4.02 avg rating — 246,807 ratings",https://www.goodreads.com/book/show/5659.The_Wind_in_the_Willows
Atonement,Ian McEwan(Goodreads Author),"3.96 avg rating — 575,267 ratings",https://www.goodreads.com/book/show/6867.Atonement
"The Shining (The Shining, #1)",Stephen  King(Goodreads Author),"4.28 avg rating — 1,755,270 ratings",https://www.goodreads.com/book/show/11588.The_Shining
Dr. Jekyll and Mr. Hyde,Robert Louis Stevenson,"3.83 avg rating — 690,142 ratings",https://www.goodreads.com/book/show/51496.Dr_Jekyll_and_Mr_Hyde
Robinson Crusoe,Daniel Defoe,"3.68 avg rating — 337,276 ratings",https://www.goodreads.com/book/show/2932.Robinson_Crusoe
All Quiet on the Western Front,Erich Maria Remarque,"4.12 avg rating — 536,123 ratings",https://www.goodreads.com/book/show/355697.All_Quiet_on_the_Western_Front
The Road,Cormac McCarthy,"really liked it4.00 avg rating — 1,077,354 ratings",https://www.goodreads.com/book/show/6288.The_Road
"A Study in Scarlet (Sherlock Holmes, #1)",Arthur Conan Doyle,"4.13 avg rating — 507,410 ratings",https://www.goodreads.com/book/show/102868.A_Study_in_Scarlet
The Man Without Qualities,Robert Musil,"4.18 avg rating — 7,600 ratings",https://www.goodreads.com/book/show/527756.The_Man_Without_Qualities
The Plague,Albert Camus,"4.02 avg rating — 328,277 ratings",https://www.goodreads.com/book/show/11989.The_Plague
Bleak House,Charles Dickens,"4.02 avg rating — 116,321 ratings",https://www.goodreads.com/book/show/31242.Bleak_House
The Time Machine,H.G. Wells,"3.89 avg rating — 577,639 ratings",https://www.goodreads.com/book/show/2493.The_Time_Machine
A Confederacy of Dunces,John Kennedy Toole,"3.89 avg rating — 306,016 ratings",https://www.goodreads.com/book/show/310612.A_Confederacy_of_Dunces
A Farewell to Arms,Ernest Hemingway,"3.82 avg rating — 364,347 ratings",https://www.goodreads.com/book/show/10799.A_Farewell_to_Arms
"The Mysterious Affair at Styles (Hercule Poirot, #1)",Agatha Christie,"really liked it4.00 avg rating — 530,019 ratings",https://www.goodreads.com/book/show/16343.The_Mysterious_Affair_at_Styles
Vanity Fair,William Makepeace Thackeray,"3.81 avg rating — 134,766 ratings",https://www.goodreads.com/book/show/5797.Vanity_Fair
Dracula,Bram Stoker,"4.03 avg rating — 1,527,244 ratings",https://www.goodreads.com/book/show/17245.Dracula
Les Misérables,Victor Hugo,"4.22 avg rating — 858,816 ratings",https://www.goodreads.com/book/show/24280.Les_Mis_rables
Heart of Darkness,Joseph Conrad,"3.43 avg rating — 571,874 ratings",https://www.goodreads.com/book/show/4900.Heart_of_Darkness
Do Androids Dream of Electric Sheep?,Philip K. Dick,"4.09 avg rating — 529,953 ratings",https://www.goodreads.com/book/show/7082.Do_Androids_Dream_of_Electric_Sheep_
A Room with a View,E.M. Forster,"3.89 avg rating — 207,122 ratings",https://www.goodreads.com/book/show/3087.A_Room_with_a_View
The Left Hand of Darkness,Ursula K. Le Guin,"4.09 avg rating — 233,805 ratings",https://www.goodreads.com/book/show/18423.The_Left_Hand_of_Darkness
Persuasion,Jane Austen,"4.15 avg rating — 803,109 ratings",https://www.goodreads.com/book/show/2156.Persuasion
His Dark Materials (His Dark Materials #1-3),Philip Pullman,"4.29 avg rating — 169,941 ratings",https://www.goodreads.com/book/show/18116.His_Dark_Materials
The Woman in White,Wilkie Collins,"4.02 avg rating — 170,391 ratings",https://www.goodreads.com/book/show/5890.The_Woman_in_White
"Bridget Jones’s Diary (Bridget Jones, #1)",Helen Fielding(Goodreads Author),"3.81 avg rating — 1,034,802 ratings",https://www.goodreads.com/book/show/227443.Bridget_Jones_s_Diary
"The Murder of Roger Ackroyd (Hercule Poirot, #4)",Agatha Christie,"4.26 avg rating — 367,786 ratings",https://www.goodreads.com/book/show/16328.The_Murder_of_Roger_Ackroyd
"Things Fall Apart (The African Trilogy, #1)",Chinua Achebe,"3.75 avg rating — 423,520 ratings",https://www.goodreads.com/book/show/37781.Things_Fall_Apart
"Three Men in a Boat (Three Men, #1)",Jerome K. Jerome,"3.83 avg rating — 82,369 ratings",https://www.goodreads.com/book/show/4921.Three_Men_in_a_Boat
"Moby-Dick or, The Whale",Herman Melville,"3.57 avg rating — 631,000 ratings",https://www.goodreads.com/book/show/153747.Moby_Dick_or_The_Whale
Flowers for Algernon,Daniel Keyes,"4.25 avg rating — 832,376 ratings",https://www.goodreads.com/book/show/18373.Flowers_for_Algernon
Invisible Man,Ralph Ellison,"3.92 avg rating — 205,897 ratings",https://www.goodreads.com/book/show/16981.Invisible_Man
Jonathan Strange & Mr Norrell,Susanna Clarke,"3.88 avg rating — 261,317 ratings",https://www.goodreads.com/book/show/14201.Jonathan_Strange_Mr_Norrell
The Prime of Miss Jean Brodie,Muriel Spark,"3.69 avg rating — 63,232 ratings",https://www.goodreads.com/book/show/517188.The_Prime_of_Miss_Jean_Brodie
The Three Musketeers,Alexandre Dumas,"4.10 avg rating — 353,304 ratings",https://www.goodreads.com/book/show/7190.The_Three_Musketeers
Treasure Island,Robert Louis Stevenson,"3.85 avg rating — 552,292 ratings",https://www.goodreads.com/book/show/295.Treasure_Island
A Prayer for Owen Meany,John Irving(Goodreads Author),"4.24 avg rating — 342,837 ratings",https://www.goodreads.com/book/show/4473.A_Prayer_for_Owen_Meany
A Tree Grows in Brooklyn,Betty  Smith,"4.30 avg rating — 528,796 ratings",https://www.goodreads.com/book/show/14891.A_Tree_Grows_in_Brooklyn
The War of the Worlds,H.G. Wells,"3.83 avg rating — 359,206 ratings",https://www.goodreads.com/book/show/8909.The_War_of_the_Worlds
The God of Small Things,Arundhati Roy(Goodreads Author),"3.96 avg rating — 337,990 ratings",https://www.goodreads.com/book/show/9777.The_God_of_Small_Things
The Heart Is a Lonely Hunter,Carson McCullers,"3.99 avg rating — 123,061 ratings",https://www.goodreads.com/book/show/37380.The_Heart_Is_a_Lonely_Hunter
The Scarlet Pimpernel,Emmuska Orczy,"4.07 avg rating — 143,700 ratings",https://www.goodreads.com/book/show/136116.The_Scarlet_Pimpernel
Possession,A.S. Byatt,"3.90 avg rating — 86,014 ratings",https://www.goodreads.com/book/show/41219.Possession
North and South,Elizabeth Gaskell,"4.15 avg rating — 188,365 ratings",https://www.goodreads.com/book/show/156538.North_and_South
Beloved,Toni Morrison,"3.99 avg rating — 509,176 ratings",https://www.goodreads.com/book/show/6149.Beloved
"A Wizard of Earthsea (Earthsea Cycle, #1)",Ursula K. Le Guin,"4.01 avg rating — 373,449 ratings",https://www.goodreads.com/book/show/59920.A_Wizard_of_Earthsea
The Blind Assassin,Margaret Atwood(Goodreads Author),"3.96 avg rating — 166,543 ratings",https://www.goodreads.com/book/show/78433.The_Blind_Assassin
A Passage to India,E.M. Forster,"3.68 avg rating — 87,381 ratings",https://www.goodreads.com/book/show/45195.A_Passage_to_India
"The Sign of Four (Sherlock Holmes, #2)",Arthur Conan Doyle,"3.88 avg rating — 184,196 ratings",https://www.goodreads.com/book/show/608474.The_Sign_of_Four
Les Liaisons dangereuses,Pierre Choderlos de Laclos,"4.05 avg rating — 60,537 ratings",https://www.goodreads.com/book/show/49540.Les_Liaisons_dangereuses
Middlemarch,George Eliot,"4.05 avg rating — 185,574 ratings",https://www.goodreads.com/book/show/19089.Middlemarch
Breakfast at Tiffany’s and Three Stories,Truman Capote,"3.85 avg rating — 255,967 ratings",https://www.goodreads.com/book/show/251688.Breakfast_at_Tiffany_s_and_Three_Stories
Stranger in a Strange Land,Robert A. Heinlein,"3.92 avg rating — 329,887 ratings",https://www.goodreads.com/book/show/350.Stranger_in_a_Strange_Land
Tess of the D’Urbervilles,Thomas Hardy,"3.85 avg rating — 307,855 ratings",https://www.goodreads.com/book/show/32261.Tess_of_the_D_Urbervilles
I Capture the Castle,Dodie Smith,"3.98 avg rating — 118,148 ratings",https://www.goodreads.com/book/show/31122.I_Capture_the_Castle
"The Sword in the Stone (Once and Future King, #1)",T.H. White,"3.88 avg rating — 28,980 ratings",https://www.goodreads.com/book/show/316845.The_Sword_in_the_Stone
"Tinker, Tailor, Soldier, Spy",John le Carré,"4.06 avg rating — 109,246 ratings",https://www.goodreads.com/book/show/18989.Tinker_Tailor_Soldier_Spy
Black Beauty,Anna Sewell,"4.01 avg rating — 302,955 ratings",https://www.goodreads.com/book/show/3685.Black_Beauty
Fathers and Sons,Ivan Turgenev,"4.01 avg rating — 105,025 ratings",https://www.goodreads.com/book/show/19117.Fathers_and_Sons
"American Gods (American Gods, #1)",Neil Gaiman(Goodreads Author),"4.10 avg rating — 1,001,794 ratings",https://www.goodreads.com/book/show/4407.American_Gods
The Wind-Up Bird Chronicle,Haruki Murakami,"4.14 avg rating — 323,192 ratings",https://www.goodreads.com/book/show/11275.The_Wind_Up_Bird_Chronicle
The Leopard,Giuseppe Tomasi di Lampedusa,"4.01 avg rating — 50,242 ratings",https://www.goodreads.com/book/show/625094.The_Leopard
For Whom the Bell Tolls,Ernest Hemingway,"3.99 avg rating — 325,356 ratings",https://www.goodreads.com/book/show/46170.For_Whom_the_Bell_Tolls
Cloud Atlas,David  Mitchell,"4.01 avg rating — 273,776 ratings",https://www.goodreads.com/book/show/49628.Cloud_Atlas
"Cry, the Beloved Country",Alan Paton,"3.93 avg rating — 80,820 ratings",https://www.goodreads.com/book/show/6150.Cry_the_Beloved_Country
Schindler's Ark,Thomas Keneally,"4.34 avg rating — 167,205 ratings",https://www.goodreads.com/book/show/3070439-schindler-s-ark
Childhood’s End,Arthur C. Clarke,"4.12 avg rating — 177,592 ratings",https://www.goodreads.com/book/show/414999.Childhood_s_End
Foucault’s Pendulum,Umberto Eco,"3.91 avg rating — 76,166 ratings",https://www.goodreads.com/book/show/17841.Foucault_s_Pendulum
The End of the Affair,Graham Greene,"3.90 avg rating — 73,909 ratings",https://www.goodreads.com/book/show/29641.The_End_of_the_Affair
If on a Winter's Night a Traveler,Italo Calvino,"4.01 avg rating — 116,029 ratings",https://www.goodreads.com/book/show/6895739-if-on-a-winter-s-night-a-traveler
The Thin Man,Dashiell Hammett,"3.89 avg rating — 39,289 ratings",https://www.goodreads.com/book/show/80616.The_Thin_Man
"The Big Sleep (Philip Marlowe, #1)",Raymond Chandler,"3.94 avg rating — 172,565 ratings",https://www.goodreads.com/book/show/2052.The_Big_Sleep
The Complete Maus,Art Spiegelman,"4.58 avg rating — 262,956 ratings",https://www.goodreads.com/book/show/15195.The_Complete_Maus
Jude the Obscure,Thomas Hardy,"3.84 avg rating — 77,318 ratings",https://www.goodreads.com/book/show/50798.Jude_the_Obscure
"Through the Looking-Glass and What Alice Found There (Alice's Adventures in Wonderland, #2)",Lewis Carroll,"really liked it4.00 avg rating — 145,447 ratings",https://www.goodreads.com/book/show/83346.Through_the_Looking_Glass_and_What_Alice_Found_There
"A Canticle for Leibowitz (St. Leibowitz, #1)",Walter M. Miller Jr.,"3.99 avg rating — 122,975 ratings",https://www.goodreads.com/book/show/164154.A_Canticle_for_Leibowitz
"The Daughter of Time (Inspector Alan Grant, #5)",Josephine Tey,"3.89 avg rating — 40,227 ratings",https://www.goodreads.com/book/show/77661.The_Daughter_of_Time
To the Lighthouse,Virginia Woolf,"3.81 avg rating — 223,537 ratings",https://www.goodreads.com/book/show/59716.To_the_Lighthouse
Cold Comfort Farm,Stella Gibbons,"3.88 avg rating — 56,314 ratings",https://www.goodreads.com/book/show/92780.Cold_Comfort_Farm
"My Family and Other Animals (Corfu Trilogy, #1)",Gerald Durrell,"4.16 avg rating — 65,850 ratings",https://www.goodreads.com/book/show/48132.My_Family_and_Other_Animals
Their Eyes Were Watching God,Zora Neale Hurston,"3.99 avg rating — 397,968 ratings",https://www.goodreads.com/book/show/37415.Their_Eyes_Were_Watching_God
Fight Club,Chuck Palahniuk(Goodreads Author),"4.18 avg rating — 659,690 ratings",https://www.goodreads.com/book/show/5759.Fight_Club
My Name Is Red,Orhan Pamuk,"3.87 avg rating — 62,840 ratings",https://www.goodreads.com/book/show/2517.My_Name_Is_Red
A Thousand Splendid Suns,Khaled Hosseini(Goodreads Author),"4.46 avg rating — 1,799,340 ratings",https://www.goodreads.com/book/show/128029.A_Thousand_Splendid_Suns
Hunger,Knut Hamsun,"4.03 avg rating — 67,717 ratings",https://www.goodreads.com/book/show/32585.Hunger
A Portrait of the Artist as a Young Man,James Joyce,"3.65 avg rating — 167,503 ratings",https://www.goodreads.com/book/show/7588.A_Portrait_of_the_Artist_as_a_Young_Man
Snow Crash,Neal Stephenson(Goodreads Author),"4.01 avg rating — 302,284 ratings",https://www.goodreads.com/book/show/830.Snow_Crash
Brighton Rock,Graham Greene,"3.69 avg rating — 37,246 ratings",https://www.goodreads.com/book/show/48862.Brighton_Rock
Memoirs of a Geisha,Arthur Golden,"4.16 avg rating — 2,137,418 ratings",https://www.goodreads.com/book/show/930.Memoirs_of_a_Geisha
Dead Souls,Nikolai Gogol,"3.98 avg rating — 99,597 ratings",https://www.goodreads.com/book/show/28381.Dead_Souls
Our Man in Havana,Graham Greene,"3.94 avg rating — 42,819 ratings",https://www.goodreads.com/book/show/133394.Our_Man_in_Havana
"Foundation (Foundation, #1)",Isaac Asimov,"4.17 avg rating — 611,298 ratings",https://www.goodreads.com/book/show/29579.Foundation
The Turn of the Screw,Henry James,"3.38 avg rating — 186,264 ratings",https://www.goodreads.com/book/show/12948.The_Turn_of_the_Screw
The Tin Drum,Günter Grass,"3.95 avg rating — 47,468 ratings",https://www.goodreads.com/book/show/35743.The_Tin_Drum
"The Giver (Giver, #1)",Lois Lowry(Goodreads Author),"4.12 avg rating — 2,883,607 ratings",https://www.goodreads.com/book/show/3636.The_Giver
Portnoy’s Complaint,Philip Roth,"3.70 avg rating — 75,374 ratings",https://www.goodreads.com/book/show/43945.Portnoy_s_Complaint
"Zen and the Art of Motorcycle Maintenance: An Inquiry Into Values (Phaedrus, #1)",Robert M. Pirsig,"3.78 avg rating — 249,455 ratings",https://www.goodreads.com/book/show/629.Zen_and_the_Art_of_Motorcycle_Maintenance
The House of Mirth,Edith Wharton,"3.98 avg rating — 108,584 ratings",https://www.goodreads.com/book/show/17728.The_House_of_Mirth
The Wasp Factory,Iain Banks,"3.76 avg rating — 114,451 ratings",https://www.goodreads.com/book/show/827610.The_Wasp_Factory
The Magic Mountain,Thomas Mann,"4.13 avg rating — 64,971 ratings",https://www.goodreads.com/book/show/88077.The_Magic_Mountain
"The Code of the Woosters (Jeeves, #7)",P.G. Wodehouse,"4.32 avg rating — 32,783 ratings",https://www.goodreads.com/book/show/9858081-the-code-of-the-woosters
Death in Venice and Other Tales,Thomas Mann,"3.92 avg rating — 16,271 ratings",https://www.goodreads.com/book/show/53064.Death_in_Venice_and_Other_Tales
"The Commitments (The Barrytown Trilogy, #1; Jimmy Rabbitte, #1)",Roddy Doyle,"3.92 avg rating — 17,697 ratings",https://www.goodreads.com/book/show/269795.The_Commitments
The Haunting of Hill House,Shirley Jackson,"3.81 avg rating — 416,973 ratings",https://www.goodreads.com/book/show/89717.The_Haunting_of_Hill_House
We,Yevgeny Zamyatin,"3.87 avg rating — 118,109 ratings",https://www.goodreads.com/book/show/76171.We
The Magus,John Fowles,"4.05 avg rating — 65,768 ratings",https://www.goodreads.com/book/show/16286.The_Magus
A Connecticut Yankee in King Arthur's Court,Mark Twain,"3.78 avg rating — 109,328 ratings",https://www.goodreads.com/book/show/162898.A_Connecticut_Yankee_in_King_Arthur_s_Court
Suite Francaise,Irène Némirovsky,"3.86 avg rating — 79,162 ratings",https://www.goodreads.com/book/show/40086.Suite_Francaise
Fingersmith,Sarah Waters,"4.02 avg rating — 122,863 ratings",https://www.goodreads.com/book/show/8913370-fingersmith
High Fidelity,Nick Hornby,"3.89 avg rating — 218,776 ratings",https://www.goodreads.com/book/show/285092.High_Fidelity
The Thorn Birds,Colleen McCullough,"4.25 avg rating — 369,165 ratings",https://www.goodreads.com/book/show/830794.The_Thorn_Birds
A Fine Balance,Rohinton Mistry,"4.38 avg rating — 163,714 ratings",https://www.goodreads.com/book/show/5211.A_Fine_Balance
The Mayor of Casterbridge,Thomas Hardy,"3.87 avg rating — 67,204 ratings",https://www.goodreads.com/book/show/56759.The_Mayor_of_Casterbridge
The Shipping News,Annie Proulx,"3.88 avg rating — 154,687 ratings",https://www.goodreads.com/book/show/7354.The_Shipping_News
"Peter Pan (Peter Pan, #2)",J.M. Barrie,"4.03 avg rating — 378,202 ratings",https://www.goodreads.com/book/show/34268.Peter_Pan
Oliver Twist,Charles Dickens,"3.88 avg rating — 435,679 ratings",https://www.goodreads.com/book/show/18254.Oliver_Twist
American Psycho,Bret Easton Ellis,"3.80 avg rating — 377,698 ratings",https://www.goodreads.com/book/show/28676.American_Psycho
Uncle Tom’s Cabin,Harriet Beecher Stowe,"3.92 avg rating — 246,266 ratings",https://www.goodreads.com/book/show/46787.Uncle_Tom_s_Cabin
House of Leaves,Mark Z. Danielewski(Goodreads Author),"4.09 avg rating — 210,491 ratings",https://www.goodreads.com/book/show/24800.House_of_Leaves
Fatherland,Robert   Harris(Goodreads Author),"4.03 avg rating — 58,871 ratings",https://www.goodreads.com/book/show/56842.Fatherland
"The Earthsea Trilogy (Earthsea Cycle, #1-3)",Ursula K. Le Guin,"4.28 avg rating — 22,148 ratings",https://www.goodreads.com/book/show/1170158.The_Earthsea_Trilogy
"Regeneration (Regeneration, #1)",Pat Barker,"4.01 avg rating — 34,644 ratings",https://www.goodreads.com/book/show/5872.Regeneration
Tintin in Tibet (Tintin #20),Hergé,"4.25 avg rating — 19,928 ratings",https://www.goodreads.com/book/show/87425.Tintin_in_Tibet
My Cousin Rachel,Daphne du Maurier,"4.01 avg rating — 73,038 ratings",https://www.goodreads.com/book/show/50239.My_Cousin_Rachel
"The 39 Steps (Richard Hannay, #1)",John Buchan,"3.59 avg rating — 48,242 ratings",https://www.goodreads.com/book/show/153492.The_39_Steps
Disgrace,J.M. Coetzee,"3.86 avg rating — 120,749 ratings",https://www.goodreads.com/book/show/6192.Disgrace
Orlando,Virginia Woolf,"3.87 avg rating — 121,230 ratings",https://www.goodreads.com/book/show/18839.Orlando
"Trainspotting (Mark Renton, #2)",Irvine Welsh,"4.12 avg rating — 185,052 ratings",https://www.goodreads.com/book/show/135839.Trainspotting
The Island of Dr. Moreau,H.G. Wells,"3.73 avg rating — 138,998 ratings",https://www.goodreads.com/book/show/29981.The_Island_of_Dr_Moreau
Howards End,E.M. Forster,"3.96 avg rating — 96,326 ratings",https://www.goodreads.com/book/show/3102.Howards_End
White Teeth,Zadie Smith,"3.79 avg rating — 179,427 ratings",https://www.goodreads.com/book/show/3711.White_Teeth
The Man in the High Castle,Philip K. Dick,"3.59 avg rating — 242,585 ratings",https://www.goodreads.com/book/show/216363.The_Man_in_the_High_Castle
Solaris,Stanisław Lem,"3.98 avg rating — 138,334 ratings",https://www.goodreads.com/book/show/95558.Solaris
"The Forever War (The Forever War, #1)",Joe Haldeman,"4.14 avg rating — 184,294 ratings",https://www.goodreads.com/book/show/21611.The_Forever_War
The Age of Innocence,Edith Wharton,"3.97 avg rating — 202,389 ratings",https://www.goodreads.com/book/show/53835.The_Age_of_Innocence
"The Spy Who Came In from the Cold (George Smiley, #3)",John le Carré,"4.09 avg rating — 132,832 ratings",https://www.goodreads.com/book/show/19494.The_Spy_Who_Came_In_from_the_Cold
Lady Chatterley's Lover,D.H. Lawrence,"3.50 avg rating — 141,330 ratings",https://www.goodreads.com/book/show/49583709-lady-chatterley-s-lover
A Handful of Dust,Evelyn Waugh,"3.88 avg rating — 29,669 ratings",https://www.goodreads.com/book/show/531262.A_Handful_of_Dust
"The Long Goodbye (Philip Marlowe, #6)",Raymond Chandler,"4.19 avg rating — 48,162 ratings",https://www.goodreads.com/book/show/2054.The_Long_Goodbye
The Idiot,Fyodor Dostoevsky,"4.21 avg rating — 228,680 ratings",https://www.goodreads.com/book/show/12505.The_Idiot
I Am Legend and Other Stories,Richard Matheson,"really liked it4.00 avg rating — 137,733 ratings",https://www.goodreads.com/book/show/547094.I_Am_Legend_and_Other_Stories
The Moonstone,Wilkie Collins,"3.91 avg rating — 100,799 ratings",https://www.goodreads.com/book/show/6138.The_Moonstone
"The History of Tom Jones, a Foundling",Henry Fielding,"3.75 avg rating — 34,615 ratings",https://www.goodreads.com/book/show/99329.The_History_of_Tom_Jones_a_Foundling
"The Life and Opinions of Tristram Shandy, Gentleman",Laurence Sterne,"3.72 avg rating — 23,278 ratings",https://www.goodreads.com/book/show/76527.The_Life_and_Opinions_of_Tristram_Shandy_Gentleman
A History of the World in 10½  Chapters,Julian Barnes,"3.88 avg rating — 16,752 ratings",https://www.goodreads.com/book/show/43980.A_History_of_the_World_in_10_Chapters
Native Son,Richard Wright,"4.05 avg rating — 107,306 ratings",https://www.goodreads.com/book/show/15622.Native_Son
East of Eden,John Steinbeck,"4.45 avg rating — 698,782 ratings",https://www.goodreads.com/book/show/276626.East_of_Eden
"Notes from Underground, White Nights, The Dream of a Ridiculous Man, and Selections from The House of the Dead",Fyodor Dostoevsky,"4.19 avg rating — 78,992 ratings",https://www.goodreads.com/book/show/17876.Notes_from_Underground_White_Nights_The_Dream_of_a_Ridiculous_Man_and_Selections_from_The_House_of_the_Dead
Germinal,Émile Zola,"4.21 avg rating — 44,625 ratings",https://www.goodreads.com/book/show/28407.Germinal
Empire of the Sun,J.G. Ballard,"3.98 avg rating — 23,200 ratings",https://www.goodreads.com/book/show/56674.Empire_of_the_Sun
The Constant Gardener,John le Carré,"3.83 avg rating — 31,703 ratings",https://www.goodreads.com/book/show/19000.The_Constant_Gardener
Oblomov,Ivan Goncharov,"4.14 avg rating — 44,082 ratings",https://www.goodreads.com/book/show/254308.Oblomov
Naked Lunch: The Restored Text,William S. Burroughs,"3.46 avg rating — 100,337 ratings",https://www.goodreads.com/book/show/7437.Naked_Lunch
Wide Sargasso Sea,Jean Rhys,"3.59 avg rating — 111,257 ratings",https://www.goodreads.com/book/show/9499402-wide-sargasso-sea
The Amazing Adventures of Kavalier & Clay,Michael Chabon,"4.19 avg rating — 216,015 ratings",https://www.goodreads.com/book/show/3985.The_Amazing_Adventures_of_Kavalier_Clay
The Red Badge of Courage,Stephen Crane,"3.30 avg rating — 111,569 ratings",https://www.goodreads.com/book/show/35220.The_Red_Badge_of_Courage
Kindred,Octavia E. Butler,"4.31 avg rating — 289,864 ratings",https://www.goodreads.com/book/show/60931.Kindred
Scoop,Evelyn Waugh,"3.78 avg rating — 23,059 ratings",https://www.goodreads.com/book/show/30919.Scoop
Miss Smilla's Feeling for Snow,Peter Høeg,"3.73 avg rating — 53,270 ratings",https://www.goodreads.com/book/show/782857.Miss_Smilla_s_Feeling_for_Snow
Palace Walk (The Cairo Trilogy #1),Naguib Mahfouz,"4.20 avg rating — 23,345 ratings",https://www.goodreads.com/book/show/11446013-palace-walk
"Lonesome Dove (Lonesome Dove, #1)",Larry McMurtry,"4.60 avg rating — 275,404 ratings",https://www.goodreads.com/book/show/256008.Lonesome_Dove
Blindness,José Saramago,"4.18 avg rating — 354,052 ratings",https://www.goodreads.com/book/show/2526.Blindness
Lucky Jim,Kingsley Amis,"3.74 avg rating — 32,884 ratings",https://www.goodreads.com/book/show/395182.Lucky_Jim
The Sound and the Fury,William Faulkner,"3.86 avg rating — 200,387 ratings",https://www.goodreads.com/book/show/10975.The_Sound_and_the_Fury
"Murder Must Advertise  (Lord Peter Wimsey, #10)",Dorothy L. Sayers,"4.16 avg rating — 25,320 ratings",https://www.goodreads.com/book/show/351559.Murder_Must_Advertise
Northanger Abbey,Jane Austen,"3.85 avg rating — 468,066 ratings",https://www.goodreads.com/book/show/50398.Northanger_Abbey
"Jurassic Park (Jurassic Park, #1)",Michael Crichton,"4.14 avg rating — 1,090,933 ratings",https://www.goodreads.com/book/show/40604658-jurassic-park
"Asterix the Gaul (Asterix, #1)",René Goscinny,"4.18 avg rating — 34,423 ratings",https://www.goodreads.com/book/show/71292.Asterix_the_Gaul
Misery,Stephen  King(Goodreads Author),"4.22 avg rating — 850,213 ratings",https://www.goodreads.com/book/show/10614.Misery
Neuromancer (Sprawl #1),William Gibson,"3.89 avg rating — 375,102 ratings",https://www.goodreads.com/book/show/22328.Neuromancer
The Pickwick Papers,Charles Dickens,"3.85 avg rating — 32,851 ratings",https://www.goodreads.com/book/show/229432.The_Pickwick_Papers
The Third Man,Graham Greene,"3.78 avg rating — 17,135 ratings",https://www.goodreads.com/book/show/48800.The_Third_Man
The Beach,Alex Garland,"really liked it4.00 avg rating — 104,042 ratings",https://www.goodreads.com/book/show/607639.The_Beach
The English Patient,Michael Ondaatje,"3.86 avg rating — 141,624 ratings",https://www.goodreads.com/book/show/11713.The_English_Patient
The Day of the Triffids,John Wyndham,"4.01 avg rating — 119,955 ratings",https://www.goodreads.com/book/show/530965.The_Day_of_the_Triffids
Mansfield Park,Jane Austen,"3.86 avg rating — 387,855 ratings",https://www.goodreads.com/book/show/45032.Mansfield_Park
The Uncommon Reader,Alan Bennett,"3.73 avg rating — 62,685 ratings",https://www.goodreads.com/book/show/1096390.The_Uncommon_Reader
Molloy,Samuel Beckett,"4.05 avg rating — 10,294 ratings",https://www.goodreads.com/book/show/446542.Molloy
The Fall,Albert Camus,"4.02 avg rating — 143,481 ratings",https://www.goodreads.com/book/show/11991.The_Fall
The Witches of Eastwick,John Updike,"3.21 avg rating — 18,817 ratings",https://www.goodreads.com/book/show/217518.The_Witches_of_Eastwick
"Titus Groan (Gormenghast, #1)",Mervyn Peake,"3.92 avg rating — 24,568 ratings",https://www.goodreads.com/book/show/39063.Titus_Groan
The Jungle,Upton Sinclair,"3.78 avg rating — 157,247 ratings",https://www.goodreads.com/book/show/41681.The_Jungle
"Gorky Park (Arkady Renko, #1)",Martin Cruz Smith,"4.04 avg rating — 70,729 ratings",https://www.goodreads.com/book/show/762806.Gorky_Park
"Barchester Towers (Chronicles of Barsetshire, #2)",Anthony Trollope,"4.06 avg rating — 18,087 ratings",https://www.goodreads.com/book/show/125321.Barchester_Towers
The Maltese Falcon,Dashiell Hammett,"3.86 avg rating — 118,384 ratings",https://www.goodreads.com/book/show/29999.The_Maltese_Falcon
American Pastoral,Philip Roth,"3.95 avg rating — 90,693 ratings",https://www.goodreads.com/book/show/11650.American_Pastoral
The Bonfire of the Vanities,Tom Wolfe,"3.93 avg rating — 88,981 ratings",https://www.goodreads.com/book/show/2666.The_Bonfire_of_the_Vanities
Notes from Underground,Fyodor Dostoevsky,"4.16 avg rating — 252,591 ratings",https://www.goodreads.com/book/show/49455.Notes_from_Underground
Le Grand Meaulnes,Alain-Fournier,"3.72 avg rating — 16,454 ratings",https://www.goodreads.com/book/show/6147139-le-grand-meaulnes
Carrie's War,Nina Bawden,"3.92 avg rating — 9,314 ratings",https://www.goodreads.com/book/show/885349.Carrie_s_War
Ivanhoe,Walter  Scott,"3.77 avg rating — 100,372 ratings",https://www.goodreads.com/book/show/6440.Ivanhoe
The Stars My Destination,Alfred Bester,"4.05 avg rating — 56,640 ratings",https://www.goodreads.com/book/show/333867.The_Stars_My_Destination
Midnight’s Children,Salman Rushdie,"3.97 avg rating — 135,864 ratings",https://www.goodreads.com/book/show/14836.Midnight_s_Children
The Andromeda Strain,Michael Crichton,"3.91 avg rating — 275,958 ratings",https://www.goodreads.com/book/show/85432.The_Andromeda_Strain
"Dissolution (Matthew Shardlake, #1)",C.J. Sansom,"4.06 avg rating — 63,264 ratings",https://www.goodreads.com/book/show/138685.Dissolution
Travels with My Aunt,Graham Greene,"3.79 avg rating — 17,530 ratings",https://www.goodreads.com/book/show/48858.Travels_with_My_Aunt
Flaubert's Parrot,Julian Barnes,"3.64 avg rating — 17,165 ratings",https://www.goodreads.com/book/show/2176.Flaubert_s_Parrot
Far From the Madding Crowd,Thomas Hardy,"3.97 avg rating — 169,960 ratings",https://www.goodreads.com/book/show/31463.Far_From_the_Madding_Crowd
"Thank You, Jeeves (Jeeves, #5)",P.G. Wodehouse,"4.18 avg rating — 20,064 ratings",https://www.goodreads.com/book/show/16241200-thank-you-jeeves
The Reader,Bernhard Schlink,"3.79 avg rating — 236,726 ratings",https://www.goodreads.com/book/show/101299.The_Reader
Enduring Love,Ian McEwan(Goodreads Author),"3.65 avg rating — 48,874 ratings",https://www.goodreads.com/book/show/6870.Enduring_Love
Ringworld (Ringworld #1),Larry Niven,"3.93 avg rating — 130,660 ratings",https://www.goodreads.com/book/show/61179.Ringworld
The French Lieutenant's Woman,John Fowles,"3.88 avg rating — 56,323 ratings",https://www.goodreads.com/book/show/6989218-the-french-lieutenant-s-woman
Sister Carrie,Theodore Dreiser,"3.78 avg rating — 42,208 ratings",https://www.goodreads.com/book/show/126609.Sister_Carrie
"The Secret Diary of Adrian Mole, Aged 13¾  (Adrian Mole, #1)",Sue Townsend,"3.88 avg rating — 52,667 ratings",https://www.goodreads.com/book/show/51070.The_Secret_Diary_of_Adrian_Mole_Aged_13_
The Mill on the Floss,George Eliot,"3.84 avg rating — 60,217 ratings",https://www.goodreads.com/book/show/20564.The_Mill_on_the_Floss
Little Dorrit,Charles Dickens,"really liked it4.00 avg rating — 50,403 ratings",https://www.goodreads.com/book/show/31250.Little_Dorrit
"Casino Royale (James Bond, #1)",Ian Fleming,"3.74 avg rating — 100,038 ratings",https://www.goodreads.com/book/show/3758.Casino_Royale
Bonjour tristesse,Françoise Sagan,"3.74 avg rating — 79,646 ratings",https://www.goodreads.com/book/show/61672.Bonjour_tristesse
My Name Is Asher Lev,Chaim Potok,"4.24 avg rating — 44,035 ratings",https://www.goodreads.com/book/show/11507.My_Name_Is_Asher_Lev
"The Murder at the Vicarage (Miss Marple, #1)",Agatha Christie,"4.04 avg rating — 221,275 ratings",https://www.goodreads.com/book/show/16159003-the-murder-at-the-vicarage
Of Human Bondage,W. Somerset Maugham,"4.16 avg rating — 62,901 ratings",https://www.goodreads.com/book/show/31548.Of_Human_Bondage
True History of the Kelly Gang,Peter Carey,"3.83 avg rating — 24,670 ratings",https://www.goodreads.com/book/show/110090.True_History_of_the_Kelly_Gang
Cat's Eye,Margaret Atwood(Goodreads Author),"3.95 avg rating — 74,322 ratings",https://www.goodreads.com/book/show/51019.Cat_s_Eye
Père Goriot,Honoré de Balzac,"3.85 avg rating — 69,110 ratings",https://www.goodreads.com/book/show/59145.P_re_Goriot
Cakes and Ale,W. Somerset Maugham,"3.78 avg rating — 8,177 ratings",https://www.goodreads.com/book/show/191793.Cakes_and_Ale
A Kestrel for a Knave,Barry Hines,"4.08 avg rating — 8,468 ratings",https://www.goodreads.com/book/show/328766.A_Kestrel_for_a_Knave
Journey to the End of the Night,Louis-Ferdinand Céline,"4.18 avg rating — 49,523 ratings",https://www.goodreads.com/book/show/12395.Journey_to_the_End_of_the_Night
The Power and the Glory,Graham Greene,"3.99 avg rating — 45,164 ratings",https://www.goodreads.com/book/show/3690.The_Power_and_the_Glory
Journey to the Center of the Earth,Jules Verne,"3.85 avg rating — 231,545 ratings",https://www.goodreads.com/book/show/32829.Journey_to_the_Center_of_the_Earth
The Postman Always Rings Twice,James M. Cain,"3.76 avg rating — 50,445 ratings",https://www.goodreads.com/book/show/25807.The_Postman_Always_Rings_Twice
"Consider Phlebas (Culture, #1)",Iain M. Banks,"3.85 avg rating — 103,375 ratings",https://www.goodreads.com/book/show/8935689-consider-phlebas
Zorba the Greek,Nikos Kazantzakis,"4.02 avg rating — 60,816 ratings",https://www.goodreads.com/book/show/53639.Zorba_the_Greek
Tales of the City (Tales of the City #1),Armistead Maupin,"3.99 avg rating — 48,766 ratings",https://www.goodreads.com/book/show/16255.Tales_of_the_City
Babbitt,Sinclair Lewis,"3.70 avg rating — 25,207 ratings",https://www.goodreads.com/book/show/169718.Babbitt
The Third Policeman,Flann O'Brien,"3.96 avg rating — 23,883 ratings",https://www.goodreads.com/book/show/27208.The_Third_Policeman
Silas Marner,George Eliot,"3.70 avg rating — 95,623 ratings",https://www.goodreads.com/book/show/54539.Silas_Marner
Only Forward,Michael Marshall Smith(Goodreads Author),"4.22 avg rating — 6,248 ratings",https://www.goodreads.com/book/show/920395.Only_Forward
"Love Story (Love Story, #1)",Erich Segal,"3.66 avg rating — 65,235 ratings",https://www.goodreads.com/book/show/73968.Love_Story
The Far Pavilions,M.M. Kaye,"4.20 avg rating — 45,449 ratings",https://www.goodreads.com/book/show/18180811-the-far-pavilions
Vurt,Jeff Noon,"4.04 avg rating — 10,565 ratings",https://www.goodreads.com/book/show/430214.Vurt
Buddenbrooks: The Decline of a Family,Thomas Mann,"4.21 avg rating — 37,896 ratings",https://www.goodreads.com/book/show/80890.Buddenbrooks
The Glass Bead Game,Hermann Hesse,"4.10 avg rating — 43,552 ratings",https://www.goodreads.com/book/show/16634.The_Glass_Bead_Game
"Devil in a Blue Dress (Easy Rawlins, #1)",Walter Mosley,"3.86 avg rating — 31,386 ratings",https://www.goodreads.com/book/show/37100.Devil_in_a_Blue_Dress
A High Wind in Jamaica,Richard Hughes,"3.76 avg rating — 10,772 ratings",https://www.goodreads.com/book/show/188458.A_High_Wind_in_Jamaica
"The Talented Mr. Ripley (Ripley, #1)",Patricia Highsmith,"3.96 avg rating — 126,135 ratings",https://www.goodreads.com/book/show/2247142.The_Talented_Mr_Ripley
The Red and the Black,Stendhal,"3.86 avg rating — 86,508 ratings",https://www.goodreads.com/book/show/14662.The_Red_and_the_Black
"Red Dragon (Hannibal Lecter, #1)",Thomas  Harris,"4.07 avg rating — 381,870 ratings",https://www.goodreads.com/book/show/28877.Red_Dragon
"The Prisoner of Zenda (The Ruritania Trilogy, #2)",Anthony Hope,"3.83 avg rating — 23,008 ratings",https://www.goodreads.com/book/show/54492.The_Prisoner_of_Zenda
The Call of the Wild,Jack London,"3.92 avg rating — 484,437 ratings",https://www.goodreads.com/book/show/1852.The_Call_of_the_Wild
Steppenwolf,Hermann Hesse,"4.13 avg rating — 224,063 ratings",https://www.goodreads.com/book/show/16631.Steppenwolf
Everything Is Illuminated,Jonathan Safran Foer(Goodreads Author),"3.89 avg rating — 184,993 ratings",https://www.goodreads.com/book/show/4584.Everything_Is_Illuminated
The Man Who Was Thursday: A Nightmare,G.K. Chesterton,"3.82 avg rating — 48,257 ratings",https://www.goodreads.com/book/show/184419.The_Man_Who_Was_Thursday
The Night Watch,Sarah Waters,"3.71 avg rating — 33,896 ratings",https://www.goodreads.com/book/show/25584847-the-night-watch
Lolly Willowes,Sylvia Townsend Warner,"3.68 avg rating — 14,450 ratings",https://www.goodreads.com/book/show/937105.Lolly_Willowes
Monkey: The Journey to the West,Wu Cheng'en,"4.04 avg rating — 8,421 ratings",https://www.goodreads.com/book/show/100237.Monkey
The Day of the Jackal,Frederick Forsyth,"4.27 avg rating — 148,727 ratings",https://www.goodreads.com/book/show/540020.The_Day_of_the_Jackal
Austerlitz,W.G. Sebald,"3.98 avg rating — 28,328 ratings",https://www.goodreads.com/book/show/88442.Austerlitz
The New York Trilogy: City of Glass / Ghosts / The Locked Room,Paul Auster,"3.86 avg rating — 89,464 ratings",https://www.goodreads.com/book/show/433.The_New_York_Trilogy
Unless,Carol Shields,"3.63 avg rating — 17,265 ratings",https://www.goodreads.com/book/show/74462.Unless
The Sirens of Titan,Kurt Vonnegut Jr.,"4.15 avg rating — 162,668 ratings",https://www.goodreads.com/book/show/4982.The_Sirens_of_Titan
"A Dance to the Music of Time, Complete Set: 1st Movement, 2nd Movement, 3rd Movement, 4th Movement",Anthony  Powell,4.41 avg rating — 164 ratings,https://www.goodreads.com/book/show/7885894-a-dance-to-the-music-of-time-complete-set
The Drowned World,J.G. Ballard,"3.47 avg rating — 21,367 ratings",https://www.goodreads.com/book/show/262356.The_Drowned_World
A Town Like Alice,Nevil Shute,"4.16 avg rating — 63,315 ratings",https://www.goodreads.com/book/show/107301.A_Town_Like_Alice
The Golden Notebook,Doris Lessing,"3.77 avg rating — 25,237 ratings",https://www.goodreads.com/book/show/24100.The_Golden_Notebook
Pale Fire,Vladimir Nabokov,"4.17 avg rating — 59,663 ratings",https://www.goodreads.com/book/show/7805.Pale_Fire
Jacques the Fatalist,Denis Diderot,"3.79 avg rating — 9,993 ratings",https://www.goodreads.com/book/show/18212.Jacques_the_Fatalist
The Foundlings and the Fisherman from Tumby,Phillip Leighton-Daly,4.87 avg rating — 82 ratings,https://www.goodreads.com/book/show/209183629-the-foundlings-and-the-fisherman-from-tumby
The Crying of Lot 49,Thomas Pynchon,"3.69 avg rating — 101,083 ratings",https://www.goodreads.com/book/show/2794.The_Crying_of_Lot_49
McTeague: A Story of San Francisco,Frank Norris,"3.68 avg rating — 7,011 ratings",https://www.goodreads.com/book/show/168655.McTeague
How Green Was My Valley,Richard Llewellyn,"4.21 avg rating — 19,299 ratings",https://www.goodreads.com/book/show/40496.How_Green_Was_My_Valley
"The Ipcress File (Secret File, #1)",Len Deighton,"3.90 avg rating — 18,400 ratings",https://www.goodreads.com/book/show/171624.The_Ipcress_File
Lake Wobegon Days,Garrison Keillor,"3.64 avg rating — 8,603 ratings",https://www.goodreads.com/book/show/77244.Lake_Wobegon_Days
Weave World,Clive Barker(Goodreads Author),"4.13 avg rating — 34,662 ratings",https://www.goodreads.com/book/show/52640.Weave_World
"A Time to Kill (Jake Brigance, #1)",John Grisham(Goodreads Author),"4.12 avg rating — 832,527 ratings",https://www.goodreads.com/book/show/32542.A_Time_to_Kill
Excellent Women,Barbara Pym,"3.90 avg rating — 21,976 ratings",https://www.goodreads.com/book/show/178565.Excellent_Women
Extinction,Thomas Bernhard,"4.31 avg rating — 3,551 ratings",https://www.goodreads.com/book/show/162612.Extinction
Oranges Are Not the Only Fruit,Jeanette Winterson,"3.73 avg rating — 96,987 ratings",https://www.goodreads.com/book/show/15055.Oranges_Are_Not_the_Only_Fruit
The Passion of New Eve,Angela Carter,"3.67 avg rating — 5,232 ratings",https://www.goodreads.com/book/show/581720.The_Passion_of_New_Eve
"Master & Commander (Aubrey & Maturin, #1)",Patrick O'Brian,"4.06 avg rating — 65,371 ratings",https://www.goodreads.com/book/show/77430.Master_Commander
Riddley Walker,Russell Hoban,"4.02 avg rating — 8,894 ratings",https://www.goodreads.com/book/show/776573.Riddley_Walker
The Secret History,Donna Tartt,"4.15 avg rating — 1,102,757 ratings",https://www.goodreads.com/book/show/29044.The_Secret_History
The Crab With the Golden Claws (Tintin #9),Hergé,"4.11 avg rating — 16,068 ratings",https://www.goodreads.com/book/show/165555.The_Crab_With_the_Golden_Claws
Middlesex,Jeffrey Eugenides,"4.04 avg rating — 670,979 ratings",https://www.goodreads.com/book/show/2187.Middlesex
The Piano Teacher,Elfriede Jelinek,"3.62 avg rating — 17,602 ratings",https://www.goodreads.com/book/show/219879.The_Piano_Teacher
They Were Counted,Miklós Bánffy,"4.20 avg rating — 1,594 ratings",https://www.goodreads.com/book/show/709829.They_Were_Counted
Passing,Nella Larsen,"3.91 avg rating — 85,173 ratings",https://www.goodreads.com/book/show/349929.Passing
The Return of the Soldier,Rebecca West,"3.69 avg rating — 9,600 ratings",https://www.goodreads.com/book/show/160010.The_Return_of_the_Soldier
"The Siege of Krishnapur (Empire Trilogy, #2)",J.G. Farrell,"3.93 avg rating — 8,822 ratings",https://www.goodreads.com/book/show/256280.The_Siege_of_Krishnapur
"The Laughing Policeman (Martin Beck, #4)",Maj Sjöwall,"3.99 avg rating — 11,027 ratings",https://www.goodreads.com/book/show/6261019-the-laughing-policeman
"You Only Live Twice (James Bond, #12)",Ian Fleming,"3.74 avg rating — 16,884 ratings",https://www.goodreads.com/book/show/3761.You_Only_Live_Twice
Doctor Zhivago,Boris Pasternak,"4.01 avg rating — 105,015 ratings",https://www.goodreads.com/book/show/130440.Doctor_Zhivago
Pnin,Vladimir Nabokov,"3.87 avg rating — 30,829 ratings",https://www.goodreads.com/book/show/30593.Pnin
"Goldfinger (James Bond, #7)",Ian Fleming,"3.83 avg rating — 28,041 ratings",https://www.goodreads.com/book/show/3759.Goldfinger
Kidnapped,Robert Louis Stevenson,"3.79 avg rating — 69,039 ratings",https://www.goodreads.com/book/show/978362.Kidnapped
Decline and Fall,Evelyn Waugh,"3.82 avg rating — 16,459 ratings",https://www.goodreads.com/book/show/30929.Decline_and_Fall
White Noise,Don DeLillo,"3.86 avg rating — 130,813 ratings",https://www.goodreads.com/book/show/28251250-white-noise
The Girls of Slender Means,Muriel Spark,"3.65 avg rating — 8,754 ratings",https://www.goodreads.com/book/show/69517.The_Girls_of_Slender_Means
Invisible Cities,Italo Calvino,"4.09 avg rating — 101,187 ratings",https://www.goodreads.com/book/show/9809.Invisible_Cities
The Little World of Don Camillo,Giovannino Guareschi,"4.22 avg rating — 4,707 ratings",https://www.goodreads.com/book/show/875578.The_Little_World_of_Don_Camillo
Girlfriend in a Coma,Douglas Coupland(Goodreads Author),"3.62 avg rating — 20,147 ratings",https://www.goodreads.com/book/show/3384.Girlfriend_in_a_Coma
The Monk,Matthew Gregory Lewis,"3.87 avg rating — 35,781 ratings",https://www.goodreads.com/book/show/93157.The_Monk
The Midwich Cuckoos,John Wyndham,"3.90 avg rating — 30,192 ratings",https://www.goodreads.com/book/show/161846.The_Midwich_Cuckoos
Zami: A New Spelling of My Name,Audre Lorde,"4.40 avg rating — 24,745 ratings",https://www.goodreads.com/book/show/395220.Zami
The Caine Mutiny,Herman Wouk,"4.30 avg rating — 27,434 ratings",https://www.goodreads.com/book/show/368772.The_Caine_Mutiny
Effi Briest,Theodor Fontane,"3.28 avg rating — 16,933 ratings",https://www.goodreads.com/book/show/442296.Effi_Briest
The Children of Men,P.D. James,"3.67 avg rating — 53,654 ratings",https://www.goodreads.com/book/show/41913.The_Children_of_Men
"Gilead (Gilead, #1)",Marilynne Robinson,"3.85 avg rating — 129,193 ratings",https://www.goodreads.com/book/show/68210.Gilead
The Baron in the Trees,Italo Calvino,"4.02 avg rating — 55,479 ratings",https://www.goodreads.com/book/show/9804.The_Baron_in_the_Trees
The Satanic Verses,Salman Rushdie,"3.71 avg rating — 73,182 ratings",https://www.goodreads.com/book/show/12781.The_Satanic_Verses
Swann's Way,Marcel Proust,"4.16 avg rating — 70,806 ratings",https://www.goodreads.com/book/show/6377763-swann-s-way
The Machine-Gunners,Robert Westall,"3.94 avg rating — 2,609 ratings",https://www.goodreads.com/book/show/10963.The_Machine_Gunners
Around the World in Eighty Days,Jules Verne,"3.95 avg rating — 290,298 ratings",https://www.goodreads.com/book/show/54479.Around_the_World_in_Eighty_Days
Dolores Claiborne,Stephen  King(Goodreads Author),"3.95 avg rating — 175,165 ratings",https://www.goodreads.com/book/show/10625.Dolores_Claiborne
A Bend in the River,V.S. Naipaul,"3.77 avg rating — 19,115 ratings",https://www.goodreads.com/book/show/5845.A_Bend_in_the_River
Waiting for the Barbarians,J.M. Coetzee,"3.93 avg rating — 36,874 ratings",https://www.goodreads.com/book/show/6194.Waiting_for_the_Barbarians
Dombey and Son,Charles Dickens,"3.96 avg rating — 16,963 ratings",https://www.goodreads.com/book/show/50827.Dombey_and_Son
Cold Mountain,Charles Frazier,"3.89 avg rating — 252,052 ratings",https://www.goodreads.com/book/show/10920.Cold_Mountain
The Good Companions,J.B. Priestley,4.13 avg rating — 798 ratings,https://www.goodreads.com/book/show/625233.The_Good_Companions
Voss,Patrick White,"3.79 avg rating — 3,712 ratings",https://www.goodreads.com/book/show/411496.Voss
The Adventures of Augie March,Saul Bellow,"3.84 avg rating — 19,138 ratings",https://www.goodreads.com/book/show/11908.The_Adventures_of_Augie_March
Under the Skin,Michel Faber,"3.75 avg rating — 30,320 ratings",https://www.goodreads.com/book/show/123063.Under_the_Skin
Oscar and Lucinda,Peter Carey,"3.73 avg rating — 22,022 ratings",https://www.goodreads.com/book/show/11277511-oscar-and-lucinda
The Life and Loves of a She Devil,Fay Weldon,"3.76 avg rating — 6,588 ratings",https://www.goodreads.com/book/show/815492.The_Life_and_Loves_of_a_She_Devil
Hard Times,Charles Dickens,"3.55 avg rating — 76,059 ratings",https://www.goodreads.com/book/show/5344.Hard_Times
"Herland (The Herland Trilogy, #2)",Charlotte Perkins Gilman,"3.48 avg rating — 27,380 ratings",https://www.goodreads.com/book/show/531509.Herland
Birdsong,Sebastian Faulks,"4.11 avg rating — 85,226 ratings",https://www.goodreads.com/book/show/6259.Birdsong
No Country for Old Men,Cormac McCarthy,"4.17 avg rating — 264,561 ratings",https://www.goodreads.com/book/show/12497.No_Country_for_Old_Men
The Secret Agent,Joseph Conrad,"3.58 avg rating — 25,460 ratings",https://www.goodreads.com/book/show/8325004-the-secret-agent
We Need to Talk About Kevin,Lionel Shriver(Goodreads Author),"4.08 avg rating — 221,418 ratings",https://www.goodreads.com/book/show/80660.We_Need_to_Talk_About_Kevin
"Postmortem (Kay Scarpetta, #1)",Patricia Daniels Cornwell,"4.02 avg rating — 267,863 ratings",https://www.goodreads.com/book/show/6534.Postmortem
The Ragged Trousered Philanthropists,Robert Tressell,"4.04 avg rating — 10,634 ratings",https://www.goodreads.com/book/show/921359.The_Ragged_Trousered_Philanthropists
Zuleika Dobson,Max Beerbohm,"3.52 avg rating — 4,978 ratings",https://www.goodreads.com/book/show/778463.Zuleika_Dobson
Elmer Gantry: Le charlatan,Sinclair Lewis,"4.01 avg rating — 6,537 ratings",https://www.goodreads.com/book/show/11378.Elmer_Gantry
The House of the Seven Gables,Nathaniel Hawthorne,"3.44 avg rating — 43,823 ratings",https://www.goodreads.com/book/show/90192.The_House_of_the_Seven_Gables
Call It Sleep,Henry Roth,"3.80 avg rating — 9,094 ratings",https://www.goodreads.com/book/show/366524.Call_It_Sleep
Fun Home: A Family Tragicomic,Alison Bechdel(Goodreads Author),"4.07 avg rating — 207,532 ratings",https://www.goodreads.com/book/show/38990.Fun_Home
"The L-Shaped Room (Jane Graham, #1)",Lynne Reid Banks,"3.96 avg rating — 3,685 ratings",https://www.goodreads.com/book/show/960246.The_L_Shaped_Room
Eugénie Grandet,Honoré de Balzac,"3.79 avg rating — 26,519 ratings",https://www.goodreads.com/book/show/59142.Eug_nie_Grandet
The Horse's Mouth,Joyce Cary,"3.97 avg rating — 1,656 ratings",https://www.goodreads.com/book/show/376465.The_Horse_s_Mouth
Sons and Lovers,D.H. Lawrence,"3.64 avg rating — 56,521 ratings",https://www.goodreads.com/book/show/32071.Sons_and_Lovers
Deliverance,James Dickey,"3.89 avg rating — 34,344 ratings",https://www.goodreads.com/book/show/592657.Deliverance
Darkness at Noon,Arthur Koestler,"4.12 avg rating — 34,812 ratings",https://www.goodreads.com/book/show/896408.Darkness_at_Noon
Cranford,Elizabeth Gaskell,"3.83 avg rating — 49,092 ratings",https://www.goodreads.com/book/show/182381.Cranford
Microserfs,Douglas Coupland(Goodreads Author),"3.89 avg rating — 24,723 ratings",https://www.goodreads.com/book/show/2748.Microserfs
Norwegian Wood,Haruki Murakami,"3.98 avg rating — 761,992 ratings",https://www.goodreads.com/book/show/818108.Norwegian_Wood
Death in Venice,Thomas Mann,"3.68 avg rating — 72,671 ratings",https://www.goodreads.com/book/show/53061.Death_in_Venice
"The Scar (New Crobuzon, #2)",China Miéville(Goodreads Author),"4.19 avg rating — 35,412 ratings",https://www.goodreads.com/book/show/68497.The_Scar
Remembering Babylon,David Malouf,"3.48 avg rating — 3,877 ratings",https://www.goodreads.com/book/show/827326.Remembering_Babylon
South Riding,Winifred Holtby,"3.99 avg rating — 3,477 ratings",https://www.goodreads.com/book/show/1016243.South_Riding
Breakfast of Champions,Kurt Vonnegut Jr.,"4.06 avg rating — 284,897 ratings",https://www.goodreads.com/book/show/4980.Breakfast_of_Champions
As I Lay Dying,William Faulkner,"3.72 avg rating — 192,715 ratings",https://www.goodreads.com/book/show/77013.As_I_Lay_Dying
"A Suitable Boy (A Bridge of Leaves, #1)",Vikram Seth,"4.11 avg rating — 50,750 ratings",https://www.goodreads.com/book/show/50365.A_Suitable_Boy
2062: A Future Vision,Emerson Littlefield(Goodreads Author),4.94 avg rating — 93 ratings,https://www.goodreads.com/book/show/250928961-2062
"The Human Stain (The American Trilogy, #3)",Philip Roth,"3.92 avg rating — 46,886 ratings",https://www.goodreads.com/book/show/11734.The_Human_Stain
The Bluest Eye,Toni Morrison,"4.14 avg rating — 317,183 ratings",https://www.goodreads.com/book/show/11337.The_Bluest_Eye
The Things They Carried,Tim O'Brien,"4.15 avg rating — 354,109 ratings",https://www.goodreads.com/book/show/133518.The_Things_They_Carried
Joseph Andrews / Shamela,Henry Fielding,"3.27 avg rating — 2,834 ratings",https://www.goodreads.com/book/show/110171.Joseph_Andrews_Shamela
Air,Geoff Ryman,"3.58 avg rating — 2,520 ratings",https://www.goodreads.com/book/show/206662.Air
Finnegans Wake,James Joyce,"3.68 avg rating — 13,857 ratings",https://www.goodreads.com/book/show/11013.Finnegans_Wake
"Memed, My Hawk (İnce Memed, #1)",Yaşar Kemal,"4.50 avg rating — 13,802 ratings",https://www.goodreads.com/book/show/175545.Memed_My_Hawk
The Sheltering Sky,Paul Bowles,"3.88 avg rating — 31,525 ratings",https://www.goodreads.com/book/show/243598.The_Sheltering_Sky
Love in a Cold Climate,Nancy Mitford,"3.81 avg rating — 10,593 ratings",https://www.goodreads.com/book/show/25977872-love-in-a-cold-climate
"An Infamous Army (Alastair-Audley, #4)",Georgette Heyer,"3.73 avg rating — 5,154 ratings",https://www.goodreads.com/book/show/311226.An_Infamous_Army
Behind the Scenes at the Museum,Kate Atkinson,"3.98 avg rating — 44,197 ratings",https://www.goodreads.com/book/show/28940.Behind_the_Scenes_at_the_Museum
Martin Chuzzlewit,Charles Dickens,"3.83 avg rating — 17,341 ratings",https://www.goodreads.com/book/show/1990.Martin_Chuzzlewit
Queen Lucia,E.F.  Benson,"3.91 avg rating — 5,494 ratings",https://www.goodreads.com/book/show/60079.Queen_Lucia
Fair Stood the Wind for France,H.E. Bates,"really liked it4.00 avg rating — 2,380 ratings",https://www.goodreads.com/book/show/2143538.Fair_Stood_the_Wind_for_France
An American Tragedy,Theodore Dreiser,"3.97 avg rating — 39,277 ratings",https://www.goodreads.com/book/show/331319.An_American_Tragedy
Tender is the Night,F. Scott Fitzgerald,"3.77 avg rating — 152,994 ratings",https://www.goodreads.com/book/show/35050615-tender-is-the-night
The Private Memoirs and Confessions of a Justified Sinner,James Hogg,"3.67 avg rating — 10,201 ratings",https://www.goodreads.com/book/show/87580.The_Private_Memoirs_and_Confessions_of_a_Justified_Sinner
Shame,Salman Rushdie,"3.87 avg rating — 13,295 ratings",https://www.goodreads.com/book/show/4831.Shame
"Sunset Song (A Scots Quair, #1)",Lewis Grassic Gibbon,"4.01 avg rating — 5,674 ratings",https://www.goodreads.com/book/show/1203812.Sunset_Song
The Fountain Overflows,Rebecca West,"3.69 avg rating — 3,483 ratings",https://www.goodreads.com/book/show/103603.The_Fountain_Overflows
The First Discworld Novels: The Colour of Magic and the Light Fantastic,Terry Pratchett,"4.15 avg rating — 7,657 ratings",https://www.goodreads.com/book/show/64144.The_First_Discworld_Novels
U.S.A.: The 42nd Parallel / 1919 / The Big Money,John Dos Passos,"4.12 avg rating — 5,041 ratings",https://www.goodreads.com/book/show/261441.U_S_A_
Go Tell It on the Mountain,James Baldwin,"4.06 avg rating — 86,592 ratings",https://www.goodreads.com/book/show/17143.Go_Tell_It_on_the_Mountain
"A Princess of Mars (Barsoom, #1)",Edgar Rice Burroughs,"3.81 avg rating — 61,429 ratings",https://www.goodreads.com/book/show/40395.A_Princess_of_Mars
On Beauty,Zadie Smith,"3.79 avg rating — 93,214 ratings",https://www.goodreads.com/book/show/3679.On_Beauty
Uncle Silas,J. Sheridan Le Fanu,"3.74 avg rating — 7,359 ratings",https://www.goodreads.com/book/show/49190.Uncle_Silas
The Day of the Locust,Nathanael West,"3.69 avg rating — 24,656 ratings",https://www.goodreads.com/book/show/113441.The_Day_of_the_Locust
The Way of All Flesh,Samuel Butler,"3.61 avg rating — 9,824 ratings",https://www.goodreads.com/book/show/126512.The_Way_of_All_Flesh
"Hyperion (Hyperion Cantos, #1)",Dan Simmons,"4.28 avg rating — 314,123 ratings",https://www.goodreads.com/book/show/77566.Hyperion
Piccadilly Jim,P.G. Wodehouse,"4.04 avg rating — 5,494 ratings",https://www.goodreads.com/book/show/18077.Piccadilly_Jim
The Female Man,Joanna Russ,"3.46 avg rating — 9,335 ratings",https://www.goodreads.com/book/show/908311.The_Female_Man
Infinite Jest,David Foster Wallace,"4.25 avg rating — 104,854 ratings",https://www.goodreads.com/book/show/6759.Infinite_Jest
"The Mask of Dimitrios (Charles Latimer, #1)",Eric Ambler,"3.91 avg rating — 12,558 ratings",https://www.goodreads.com/book/show/46429.The_Mask_of_Dimitrios
Giovanni’s Room,James Baldwin,"4.34 avg rating — 287,261 ratings",https://www.goodreads.com/book/show/38462.Giovanni_s_Room
Underworld,Don DeLillo,"3.95 avg rating — 34,636 ratings",https://www.goodreads.com/book/show/11761.Underworld
Nights at the Circus,Angela Carter,"3.87 avg rating — 15,112 ratings",https://www.goodreads.com/book/show/653651.Nights_at_the_Circus
God's Bits of Wood,Ousmane Sembène,"3.99 avg rating — 3,205 ratings",https://www.goodreads.com/book/show/123748.God_s_Bits_of_Wood
The Balkan Trilogy,Olivia Manning,"4.17 avg rating — 3,047 ratings",https://www.goodreads.com/book/show/465697.The_Balkan_Trilogy
The Castle of Otranto,Horace Walpole,"3.19 avg rating — 45,000 ratings",https://www.goodreads.com/book/show/12923.The_Castle_of_Otranto
Ali and Nino,Kurban Said,"3.92 avg rating — 10,113 ratings",https://www.goodreads.com/book/show/474078.Ali_and_Nino
Berlin Alexanderplatz,Alfred Döblin,"3.84 avg rating — 11,668 ratings",https://www.goodreads.com/book/show/243381.Berlin_Alexanderplatz
My Ántonia,Willa Cather,"3.85 avg rating — 151,208 ratings",https://www.goodreads.com/book/show/6464746-my-ntonia
The Recognitions,William Gaddis,"4.21 avg rating — 6,597 ratings",https://www.goodreads.com/book/show/395058.The_Recognitions
Life and Fate,Vasily Grossman,"4.46 avg rating — 16,303 ratings",https://www.goodreads.com/book/show/88432.Life_and_Fate
The Professor's House,Willa Cather,"3.78 avg rating — 10,449 ratings",https://www.goodreads.com/book/show/48203.The_Professor_s_House
Billy Liar,Keith Waterhouse,"3.71 avg rating — 2,342 ratings",https://www.goodreads.com/book/show/578644.Billy_Liar
Cider with Rosie,Laurie Lee,"3.91 avg rating — 15,721 ratings",https://www.goodreads.com/book/show/292314.Cider_with_Rosie
Regency Buck,Georgette Heyer,"3.99 avg rating — 12,920 ratings",https://www.goodreads.com/book/show/2411950.Regency_Buck
The Awakening,Kate Chopin,"3.69 avg rating — 232,336 ratings",https://www.goodreads.com/book/show/58345.The_Awakening
Double Indemnity,James M. Cain,"4.05 avg rating — 29,277 ratings",https://www.goodreads.com/book/show/11036868-double-indemnity
"Whose Body?  (Lord Peter Wimsey, #1)",Dorothy L. Sayers,"3.82 avg rating — 63,063 ratings",https://www.goodreads.com/book/show/192893.Whose_Body_
Pig Tales,Marie Darrieussecq,"3.46 avg rating — 4,294 ratings",https://www.goodreads.com/book/show/767124.Pig_Tales
Lost Souls,Poppy Z. Brite(Goodreads Author),"3.90 avg rating — 19,321 ratings",https://www.goodreads.com/book/show/452244.Lost_Souls
Victory An Island Tale,Joseph Conrad,"3.84 avg rating — 4,375 ratings",https://www.goodreads.com/book/show/19007274-victory-an-island-tale
"King Solomon's Mines (Allan Quatermain, #1)",H. Rider Haggard,"3.79 avg rating — 53,580 ratings",https://www.goodreads.com/book/show/23814.King_Solomon_s_Mines
Music & Silence,Rose Tremain,"3.95 avg rating — 4,977 ratings",https://www.goodreads.com/book/show/6167.Music_Silence
The Accidental Tourist,Anne Tyler(Goodreads Author),"3.89 avg rating — 110,001 ratings",https://www.goodreads.com/book/show/60792.The_Accidental_Tourist
Pamela: Virtue Rewarded (Forgotten Books),T.W. Holderness,"2.75 avg rating — 13,922 ratings",https://www.goodreads.com/book/show/6712988-pamela
Malone Dies,Samuel Beckett,"3.85 avg rating — 6,057 ratings",https://www.goodreads.com/book/show/54042.Malone_Dies
Any Human Heart,William  Boyd,"4.28 avg rating — 28,502 ratings",https://www.goodreads.com/book/show/77866.Any_Human_Heart
Narcissus and Goldmund,Hermann Hesse,"4.22 avg rating — 75,495 ratings",https://www.goodreads.com/book/show/5954.Narcissus_and_Goldmund
Enigma,Robert   Harris(Goodreads Author),"3.91 avg rating — 19,287 ratings",https://www.goodreads.com/book/show/843989.Enigma
Affinity,Sarah Waters,"3.75 avg rating — 29,243 ratings",https://www.goodreads.com/book/show/72929.Affinity
The Snow Goose,Paul Gallico,"4.15 avg rating — 5,869 ratings",https://www.goodreads.com/book/show/529241.The_Snow_Goose
The Line of Beauty,Alan Hollinghurst,"3.78 avg rating — 33,014 ratings",https://www.goodreads.com/book/show/139087.The_Line_of_Beauty
A Dry White Season,André Brink,"4.07 avg rating — 4,534 ratings",https://www.goodreads.com/book/show/65249.A_Dry_White_Season
Crash,J.G. Ballard,"3.65 avg rating — 34,157 ratings",https://www.goodreads.com/book/show/70241.Crash
The Mandarins,Simone de Beauvoir,"4.20 avg rating — 6,706 ratings",https://www.goodreads.com/book/show/19528.The_Mandarins
Valley of the Dolls,Jacqueline Susann,"3.87 avg rating — 80,178 ratings",https://www.goodreads.com/book/show/50833.Valley_of_the_Dolls
The Holy Terrors,Jean Cocteau,"3.70 avg rating — 8,375 ratings",https://www.goodreads.com/book/show/80268.The_Holy_Terrors
A Far Cry from Kensington,Muriel Spark,"3.84 avg rating — 7,565 ratings",https://www.goodreads.com/book/show/69516.A_Far_Cry_from_Kensington
On the Road,Jack Kerouac,"3.61 avg rating — 457,472 ratings",https://www.goodreads.com/book/show/315233.On_the_Road
Before Lunch,Angela Thirkell,3.95 avg rating — 833 ratings,https://www.goodreads.com/book/show/16064714-before-lunch
The Lonely Passion of Judith Hearne,Brian Moore,"3.98 avg rating — 3,645 ratings",https://www.goodreads.com/book/show/782982.The_Lonely_Passion_of_Judith_Hearne
Family Matters,Rohinton Mistry,"4.04 avg rating — 24,909 ratings",https://www.goodreads.com/book/show/19661.Family_Matters
"The Pursuit of Love & Love in a Cold Climate (Radlett and Montdore, #1-2)",Nancy Mitford,"4.10 avg rating — 6,148 ratings",https://www.goodreads.com/book/show/50725.The_Pursuit_of_Love_Love_in_a_Cold_Climate
I Served the King of England,Bohumil Hrabal,"4.05 avg rating — 10,778 ratings",https://www.goodreads.com/book/show/148634.I_Served_the_King_of_England
The Grass is Singing,Doris Lessing,"3.83 avg rating — 15,651 ratings",https://www.goodreads.com/book/show/130115.The_Grass_is_Singing
"The Radetzky March (Von Trotta Family, #1)",Joseph Roth,"4.11 avg rating — 15,182 ratings",https://www.goodreads.com/book/show/54258.The_Radetzky_March
The African Queen,C.S. Forester,"really liked it4.00 avg rating — 9,449 ratings",https://www.goodreads.com/book/show/26113108-the-african-queen
The Loved One,Evelyn Waugh,"3.75 avg rating — 13,983 ratings",https://www.goodreads.com/book/show/6444178-the-loved-one
"Porterhouse Blue (Porterhouse Blue, #1)",Tom Sharpe,"3.82 avg rating — 5,052 ratings",https://www.goodreads.com/book/show/119714.Porterhouse_Blue
Light Years,James Salter,"4.01 avg rating — 8,694 ratings",https://www.goodreads.com/book/show/174622.Light_Years
Pudd'nhead Wilson,Mark Twain,"3.75 avg rating — 19,789 ratings",https://www.goodreads.com/book/show/682793.Pudd_nhead_Wilson
The Rector's Daughter,F.M. Mayor,3.73 avg rating — 906 ratings,https://www.goodreads.com/book/show/1220032.The_Rector_s_Daughter
Song of Solomon,Toni Morrison,"4.16 avg rating — 133,529 ratings",https://www.goodreads.com/book/show/11334.Song_of_Solomon
At Swim-Two-Birds,Flann O'Brien,"3.84 avg rating — 14,605 ratings",https://www.goodreads.com/book/show/97333.At_Swim_Two_Birds
"Sidetracked (Kurt Wallander, #5)",Henning Mankell,"4.08 avg rating — 25,575 ratings",https://www.goodreads.com/book/show/39796.Sidetracked
The Riddle of the Sands,Erskine Childers,"3.63 avg rating — 7,846 ratings",https://www.goodreads.com/book/show/406575.The_Riddle_of_the_Sands
Strangers on a Train,Patricia Highsmith,"3.72 avg rating — 40,078 ratings",https://www.goodreads.com/book/show/15677.Strangers_on_a_Train
The Gathering,Anne Enright,"3.15 avg rating — 26,964 ratings",https://www.goodreads.com/book/show/998133.The_Gathering
Martin Eden,Jack London,"4.48 avg rating — 58,389 ratings",https://www.goodreads.com/book/show/929782.Martin_Eden
Less Than Angels,Barbara Pym,"3.93 avg rating — 3,380 ratings",https://www.goodreads.com/book/show/587597.Less_Than_Angels
The Go-Between,L.P. Hartley,"4.02 avg rating — 15,787 ratings",https://www.goodreads.com/book/show/258079.The_Go_Between
Main Street,Sinclair Lewis,"3.78 avg rating — 27,164 ratings",https://www.goodreads.com/book/show/11376.Main_Street
"Something Fresh (Blandings Castle, #1)",P.G. Wodehouse,"4.12 avg rating — 13,353 ratings",https://www.goodreads.com/book/show/18025.Something_Fresh
In Search of Lost Time,Marcel Proust,"4.34 avg rating — 14,487 ratings",https://www.goodreads.com/book/show/18796.In_Search_of_Lost_Time
A Voyage to Arcturus,David  Lindsay,"3.53 avg rating — 4,121 ratings",https://www.goodreads.com/book/show/1064084.A_Voyage_to_Arcturus
The Passion,Jeanette Winterson,"4.11 avg rating — 27,278 ratings",https://www.goodreads.com/book/show/1056750.The_Passion
July's People,Nadine Gordimer,"3.51 avg rating — 8,506 ratings",https://www.goodreads.com/book/show/111050.July_s_People
"Darwin's Radio (Darwin's Radio, #1)",Greg Bear,"3.73 avg rating — 16,905 ratings",https://www.goodreads.com/book/show/64923.Darwin_s_Radio
The Hearing Trumpet,Leonora Carrington,"3.98 avg rating — 14,060 ratings",https://www.goodreads.com/book/show/46987.The_Hearing_Trumpet
The Diary of a Nobody,George Grossmith,"3.68 avg rating — 18,573 ratings",https://www.goodreads.com/book/show/10387039-the-diary-of-a-nobody
The Weather in the Streets,Rosamond Lehmann,"3.95 avg rating — 1,075 ratings",https://www.goodreads.com/book/show/1768393.The_Weather_in_the_Streets
Goodbye to Berlin,Christopher Isherwood,"3.93 avg rating — 23,758 ratings",https://www.goodreads.com/book/show/760702.Goodbye_to_Berlin
Green Mansions,William Henry Hudson,"3.68 avg rating — 3,383 ratings",https://www.goodreads.com/book/show/817019.Green_Mansions
"Revelation Space (The Inhibitor Sequence, #1)",Alastair Reynolds,"3.99 avg rating — 63,569 ratings",https://www.goodreads.com/book/show/89187.Revelation_Space
Moll Flanders,Daniel Defoe,"3.52 avg rating — 49,225 ratings",https://www.goodreads.com/book/show/38262.Moll_Flanders
"Flashman (The Flashman Papers, #1)",George MacDonald Fraser,"4.06 avg rating — 16,432 ratings",https://www.goodreads.com/book/show/15997610-flashman
"The Earthsea Quartet (Earthsea Cycle, #1-4)",Ursula K. Le Guin,"4.30 avg rating — 13,241 ratings",https://www.goodreads.com/book/show/68041.The_Earthsea_Quartet
"If Not Now, When?",Primo Levi,"4.23 avg rating — 4,249 ratings",https://www.goodreads.com/book/show/136096.If_Not_Now_When_
The Blue Flower,Penelope Fitzgerald,"3.44 avg rating — 6,866 ratings",https://www.goodreads.com/book/show/11728.The_Blue_Flower
Lord Jim,Joseph Conrad,"3.61 avg rating — 33,620 ratings",https://www.goodreads.com/book/show/12194.Lord_Jim
La Disparition,Georges Perec,"3.74 avg rating — 3,942 ratings",https://www.goodreads.com/book/show/28336.La_Disparition
The Ministry of Fear,Graham Greene,"3.78 avg rating — 7,887 ratings",https://www.goodreads.com/book/show/213653.The_Ministry_of_Fear
G.,John Berger,"3.72 avg rating — 5,127 ratings",https://www.goodreads.com/book/show/299813.G_
Absolute Beginners,Colin MacInnes,"3.61 avg rating — 2,341 ratings",https://www.goodreads.com/book/show/372556.Absolute_Beginners
The Posthumous Memoirs of Brás Cubas,Machado de Assis,"4.26 avg rating — 40,548 ratings",https://www.goodreads.com/book/show/87262.The_Posthumous_Memoirs_of_Br_s_Cubas
Confessions of Zeno,Italo Svevo,"3.77 avg rating — 33,851 ratings",https://www.goodreads.com/book/show/84743.Confessions_of_Zeno
Enemies: A Love Story,Isaac Bashevis Singer,"3.97 avg rating — 3,890 ratings",https://www.goodreads.com/book/show/25739.Enemies
Gentlemen Prefer Blondes,Anita Loos,"3.60 avg rating — 7,830 ratings",https://www.goodreads.com/book/show/512704.Gentlemen_Prefer_Blondes
Money,Martin Amis,"3.70 avg rating — 26,387 ratings",https://www.goodreads.com/book/show/18825.Money
The Pledge,Friedrich Dürrenmatt,"3.90 avg rating — 11,805 ratings",https://www.goodreads.com/book/show/73480.The_Pledge
The Guns of Navarone,Alistair MacLean,"4.14 avg rating — 19,895 ratings",https://www.goodreads.com/book/show/296298.The_Guns_of_Navarone
News from Nowhere,William Morris,"3.29 avg rating — 2,870 ratings",https://www.goodreads.com/book/show/189746.News_from_Nowhere
Star Maker,Olaf Stapledon,"3.90 avg rating — 9,738 ratings",https://www.goodreads.com/book/show/525304.Star_Maker
"Burmese Days: A Searing Historical Fiction Classic on British Imperialism, Friendship, and Moral Conflict in 1920s Burma",George Orwell,"3.87 avg rating — 33,642 ratings",https://www.goodreads.com/book/show/10049504-burmese-days
"Blacklist (V.I. Warshawski, #11)",Sara Paretsky(Goodreads Author),"3.86 avg rating — 5,059 ratings",https://www.goodreads.com/book/show/29210692-blacklist
The Information,Martin Amis,"3.60 avg rating — 6,615 ratings",https://www.goodreads.com/book/show/380017.The_Information
The Unfortunates,B.S. Johnson,"3.86 avg rating — 1,170 ratings",https://www.goodreads.com/book/show/90992.The_Unfortunates
In the Country of Last Things,Paul Auster,"3.90 avg rating — 16,552 ratings",https://www.goodreads.com/book/show/19486.In_the_Country_of_Last_Things
"How Late It Was, How Late",James Kelman,"3.60 avg rating — 4,831 ratings",https://www.goodreads.com/book/show/89208.How_Late_It_Was_How_Late
The Famished Road,Ben Okri,"3.73 avg rating — 13,826 ratings",https://www.goodreads.com/book/show/101094.The_Famished_Road
"The Space Merchants (The Space Merchants, #1)",Frederik Pohl,"3.83 avg rating — 11,495 ratings",https://www.goodreads.com/book/show/392566.The_Space_Merchants
Dom Casmurro,Machado de Assis,"4.33 avg rating — 40,027 ratings",https://www.goodreads.com/book/show/24793146-dom-casmurro
Thérèse Raquin,Émile Zola,"3.73 avg rating — 40,423 ratings",https://www.goodreads.com/book/show/13618618-th-r-se-raquin
The Years of Rice and Salt,Kim Stanley Robinson,"3.77 avg rating — 15,941 ratings",https://www.goodreads.com/book/show/2723.The_Years_of_Rice_and_Salt
Cryptonomicon,Neal Stephenson(Goodreads Author),"4.23 avg rating — 118,238 ratings",https://www.goodreads.com/book/show/816.Cryptonomicon
"Silence of the Grave (Inspector Erlendur, #4)",Arnaldur Indriðason,"3.96 avg rating — 22,157 ratings",https://www.goodreads.com/book/show/82991.Silence_of_the_Grave
"Cop Hater (87th Precinct, #1)",Ed McBain,"3.83 avg rating — 8,940 ratings",https://www.goodreads.com/book/show/17620894-cop-hater
Chéri,Colette,"3.66 avg rating — 6,788 ratings",https://www.goodreads.com/book/show/22468394-ch-ri
The Good Soldier Švejk,Jaroslav Hašek,"4.09 avg rating — 21,640 ratings",https://www.goodreads.com/book/show/7629.The_Good_Soldier_vejk
The History Man,Malcolm Bradbury,"3.61 avg rating — 2,111 ratings",https://www.goodreads.com/book/show/458624.The_History_Man
A Kind of Loving,Stan Barstow,"4.09 avg rating — 1,606 ratings",https://www.goodreads.com/book/show/2727751-a-kind-of-loving
Gravity’s Rainbow,Thomas Pynchon,"4.02 avg rating — 49,793 ratings",https://www.goodreads.com/book/show/415.Gravity_s_Rainbow
The Secret Adversary,Agatha Christie,"3.84 avg rating — 73,707 ratings",https://www.goodreads.com/book/show/49597.The_Secret_Adversary
The Diary of a Provincial Lady,E.M. Delafield,"3.90 avg rating — 6,843 ratings",https://www.goodreads.com/book/show/25486112-the-diary-of-a-provincial-lady
The Prestige,Christopher Priest,"3.92 avg rating — 25,348 ratings",https://www.goodreads.com/book/show/239239.The_Prestige
Saturday Night and Sunday Morning,Alan Sillitoe,"3.80 avg rating — 5,660 ratings",https://www.goodreads.com/book/show/72676.Saturday_Night_and_Sunday_Morning
The Virginian,Owen Wister,"3.92 avg rating — 10,280 ratings",https://www.goodreads.com/book/show/169751.The_Virginian
Charade,John Mortimer,3.10 avg rating — 111 ratings,https://www.goodreads.com/book/show/54414.Charade
Play It As It Lays,Joan Didion,"3.90 avg rating — 97,948 ratings",https://www.goodreads.com/book/show/428.Play_It_As_It_Lays
The Rings of Saturn,W.G. Sebald,"4.22 avg rating — 18,598 ratings",https://www.goodreads.com/book/show/434903.The_Rings_of_Saturn
Non-Stop,Brian W. Aldiss,"3.88 avg rating — 7,867 ratings",https://www.goodreads.com/book/show/384579.Non_Stop
Nostromo,Joseph Conrad,"3.82 avg rating — 18,269 ratings",https://www.goodreads.com/book/show/115476.Nostromo
Villette,Charlotte Brontë,"3.78 avg rating — 83,679 ratings",https://www.goodreads.com/book/show/28416570-villette
Red Harvest (The Continental Op #1),Dashiell Hammett,"3.94 avg rating — 30,569 ratings",https://www.goodreads.com/book/show/30005.Red_Harvest
Nightmare Abbey,Thomas Love Peacock,"3.44 avg rating — 2,100 ratings",https://www.goodreads.com/book/show/1275404.Nightmare_Abbey
Gargantua and Pantagruel,François Rabelais,"3.65 avg rating — 16,475 ratings",https://www.goodreads.com/book/show/18266.Gargantua_and_Pantagruel
Lorna Doone: A Romance of Exmoor,R.D. Blackmore,"3.73 avg rating — 16,590 ratings",https://www.goodreads.com/book/show/10959902-lorna-doone
Loitering with Intent,Muriel Spark,"3.79 avg rating — 5,614 ratings",https://www.goodreads.com/book/show/58677.Loitering_with_Intent
"Exit Music (Inspector Rebus, #17)",Ian Rankin(Goodreads Author),"4.13 avg rating — 18,569 ratings",https://www.goodreads.com/book/show/1845403.Exit_Music
Mary Barton,Elizabeth Gaskell,"3.75 avg rating — 21,925 ratings",https://www.goodreads.com/book/show/11066361-mary-barton
The Glass Key,Dashiell Hammett,"3.92 avg rating — 14,015 ratings",https://www.goodreads.com/book/show/761573.The_Glass_Key
Moo,Jane Smiley(Goodreads Author),"3.47 avg rating — 8,652 ratings",https://www.goodreads.com/book/show/4605.Moo
"Cover Her Face (Adam Dalgliesh, #1)",P.D. James,"3.90 avg rating — 43,054 ratings",https://www.goodreads.com/book/show/3066135-cover-her-face
Hideous Kinky,Esther Freud,"3.53 avg rating — 4,316 ratings",https://www.goodreads.com/book/show/283787.Hideous_Kinky
"The Man of Property (The Forsyte Chronicles, #1)",John Galsworthy,"really liked it4.00 avg rating — 5,572 ratings",https://www.goodreads.com/book/show/12375286-the-man-of-property
The Mysterious Stranger,Mark Twain,"4.12 avg rating — 12,013 ratings",https://www.goodreads.com/book/show/102564.The_Mysterious_Stranger
Lark Rise to Candleford,Flora Thompson,"4.02 avg rating — 5,082 ratings",https://www.goodreads.com/book/show/511208.Lark_Rise_to_Candleford
Alberta and Jacob,Cora Sandel,3.94 avg rating — 960 ratings,https://www.goodreads.com/book/show/1853673.Alberta_and_Jacob
Lady Audley's Secret,Mary Elizabeth Braddon,"3.79 avg rating — 27,206 ratings",https://www.goodreads.com/book/show/21845462-lady-audley-s-secret
The Swiss Family Robinson,Johann David Wyss,"3.91 avg rating — 111,027 ratings",https://www.goodreads.com/book/show/62111.The_Swiss_Family_Robinson
Auto-da-Fé,Elias Canetti,"4.01 avg rating — 6,963 ratings",https://www.goodreads.com/book/show/205189.Auto_da_F_
Invitation to the Waltz,Rosamond Lehmann,"3.88 avg rating — 1,547 ratings",https://www.goodreads.com/book/show/1477344.Invitation_to_the_Waltz
The Vicar of Wakefield,Oliver Goldsmith,"3.46 avg rating — 10,866 ratings",https://www.goodreads.com/book/show/18871293-the-vicar-of-wakefield
"The Tin Roof Blowdown (Dave Robicheaux, #16)",James Lee Burke,"4.19 avg rating — 15,401 ratings",https://www.goodreads.com/book/show/1112675.The_Tin_Roof_Blowdown
"The Three Coffins (Dr. Gideon Fell, #6)",John Dickson Carr,"3.75 avg rating — 5,429 ratings",https://www.goodreads.com/book/show/498490.The_Three_Coffins
The Savage Detectives,Roberto Bolaño,"4.18 avg rating — 55,429 ratings",https://www.goodreads.com/book/show/63033.The_Savage_Detectives
Under the Volcano,Malcolm Lowry,"3.76 avg rating — 27,439 ratings",https://www.goodreads.com/book/show/31072.Under_the_Volcano
Rogue Male,Geoffrey Household,"3.92 avg rating — 5,988 ratings",https://www.goodreads.com/book/show/29389486-rogue-male
"Dance Hall of the Dead (Navajo Mysteries, #2)",Tony Hillerman,"4.06 avg rating — 20,531 ratings",https://www.goodreads.com/book/show/530550.Dance_Hall_of_the_Dead
La Débâcle,Émile Zola,"4.03 avg rating — 1,960 ratings",https://www.goodreads.com/book/show/28419.La_D_b_cle
"Augustus Carp, Esq. by Himself, Being the Autobiography of a Really Good Man",Henry Howarth Bashford,3.80 avg rating — 647 ratings,https://www.goodreads.com/book/show/837278.Augustus_Carp_Esq_by_Himself_Being_the_Autobiography_of_a_Really_Good_Man
King Solomon's Carpet,Barbara Vine,"3.73 avg rating — 2,114 ratings",https://www.goodreads.com/book/show/459421.King_Solomon_s_Carpet
The Portrait of a Lady,Henry James,"3.80 avg rating — 86,471 ratings",https://www.goodreads.com/book/show/264.The_Portrait_of_a_Lady
The Wings of the Dove,Henry James,"3.78 avg rating — 17,720 ratings",https://www.goodreads.com/book/show/124272.The_Wings_of_the_Dove
Breathing Lessons,Anne Tyler(Goodreads Author),"3.66 avg rating — 34,260 ratings",https://www.goodreads.com/book/show/31181.Breathing_Lessons
A Modern Declaration of Independence: Crimes Against Humanity and a New System,Jakub Lasak(Goodreads Author),4.45 avg rating — 29 ratings,https://www.goodreads.com/book/show/54250984-a-modern-declaration-of-independence
JACKS FORK: a novel,Chris Orlet(Goodreads Author),4.80 avg rating — 5 ratings,https://www.goodreads.com/book/show/243529616-jacks-fork
Alla and the Piano – The Russian Tragedy 1912 to 1924,Morten Kvistgaard(Goodreads Author),4.88 avg rating — 172 ratings,https://www.goodreads.com/book/show/43844120-alla-and-the-piano-the-russian-tragedy-1912-to-1924
The Metamorphosis of Nick Adams,Gentry Thomason,it was amazing5.00 avg rating — 4 ratings,https://www.goodreads.com/book/show/238837933-the-metamorphosis-of-nick-adams
The Ascent of Rum Doodle,W.E. Bowman,"3.75 avg rating — 3,692 ratings",https://www.goodreads.com/book/show/168579.The_Ascent_of_Rum_Doodle
The Adventures of Gil Blas,Alain-René Le Sage,3.82 avg rating — 398 ratings,https://www.goodreads.com/book/show/7480592-the-adventures-of-gil-blas
The Face of Another,Kōbō Abe,"3.73 avg rating — 5,977 ratings",https://www.goodreads.com/book/show/10000.The_Face_of_Another
2062: A Future Vision,Emerson Littlefield(Goodreads Author),4.94 avg rating — 93 ratings,https://www.goodreads.com/book/show/250946965-2062
Quarantine,Jim Crace,"3.68 avg rating — 4,191 ratings",https://www.goodreads.com/book/show/2016758.Quarantine
No Bed for Bacon,Caryl Brahms,3.80 avg rating — 254 ratings,https://www.goodreads.com/book/show/749399.No_Bed_for_Bacon
La condition humaine,André Malraux,"3.74 avg rating — 6,731 ratings",https://www.goodreads.com/book/show/109837.La_condition_humaine
Oroonoko,Aphra Behn,"3.01 avg rating — 17,446 ratings",https://www.goodreads.com/book/show/51190.Oroonoko
"The Group: Mary McCarthy's Celebrated Novel of Vassar Women, Friendship, and Ambition in 1930s New York",Mary McCarthy,"3.68 avg rating — 17,803 ratings",https://www.goodreads.com/book/show/387348.The_Group
Illywhacker,Peter Carey,"3.78 avg rating — 3,136 ratings",https://www.goodreads.com/book/show/286357.Illywhacker
Epileptic,David B.,"3.89 avg rating — 13,881 ratings",https://www.goodreads.com/book/show/39916.Epileptic
Moon Over Africa,Pamela Kent(Pseudonym),2.75 avg rating — 28 ratings,https://www.goodreads.com/book/show/6146256-moon-over-africa
Solomon Gursky Was Here,Mordecai Richler,"3.98 avg rating — 3,210 ratings",https://www.goodreads.com/book/show/312029.Solomon_Gursky_Was_Here
"Heavy Weather (Blandings Castle, #5)",P.G. Wodehouse,"4.24 avg rating — 4,397 ratings",https://www.goodreads.com/book/show/446727.Heavy_Weather
"Scaramouche (Scaramouche, #1)",Rafael Sabatini,"4.10 avg rating — 9,433 ratings",https://www.goodreads.com/book/show/938105.Scaramouche
Silver Stallion: A Novel of Korea,Ahn Junghyo,3.79 avg rating — 128 ratings,https://www.goodreads.com/book/show/2043461.Silver_Stallion
A Good Man in Africa,William  Boyd,"3.87 avg rating — 6,001 ratings",https://www.goodreads.com/book/show/627180.A_Good_Man_in_Africa
A Season in Sinji,J.L. Carr,3.83 avg rating — 94 ratings,https://www.goodreads.com/book/show/3409807-a-season-in-sinji
Room Temperature,Nicholson Baker(Goodreads Author),"3.68 avg rating — 1,186 ratings",https://www.goodreads.com/book/show/28235.Room_Temperature
The Book of Laughter and Forgetting,Milan Kundera,"3.94 avg rating — 55,418 ratings",https://www.goodreads.com/book/show/240976.The_Book_of_Laughter_and_Forgetting
The Member of the Wedding,Carson McCullers,"3.81 avg rating — 20,812 ratings",https://www.goodreads.com/book/show/330244.The_Member_of_the_Wedding
The Time Ships,Stephen Baxter,"3.96 avg rating — 6,607 ratings",https://www.goodreads.com/book/show/62992.The_Time_Ships
"Topper Takes a Trip (Topper, #2)",Thorne Smith,3.74 avg rating — 309 ratings,https://www.goodreads.com/book/show/423305.Topper_Takes_a_Trip
Death of a Hero,Richard Aldington,4.02 avg rating — 766 ratings,https://www.goodreads.com/book/show/1433981.Death_of_a_Hero
London Fields,Martin Amis,"3.66 avg rating — 13,782 ratings",https://www.goodreads.com/book/show/18830.London_Fields
The Harpole Report,J.L. Carr,3.99 avg rating — 334 ratings,https://www.goodreads.com/book/show/3118291-the-harpole-report
"L.A. Confidential (L.A. Quartet, #3)",James Ellroy,"4.19 avg rating — 41,200 ratings",https://www.goodreads.com/book/show/57727.L_A_Confidential
Women in Love,D.H. Lawrence,"3.66 avg rating — 33,831 ratings",https://www.goodreads.com/book/show/9784.Women_in_Love
The Victorian Chaise Longue,Marghanita Laski,"3.59 avg rating — 1,859 ratings",https://www.goodreads.com/book/show/1052340.The_Victorian_Chaise_Longue
Darkness Falls from the Air,Nigel Balchin,3.85 avg rating — 229 ratings,https://www.goodreads.com/book/show/629249.Darkness_Falls_from_the_Air
"Poetic Justice (A Kate Fansler Mystery, #3)",Amanda Cross,3.71 avg rating — 979 ratings,https://www.goodreads.com/book/show/567073.Poetic_Justice
Untouchable,Mulk Raj Anand,"3.74 avg rating — 6,910 ratings",https://www.goodreads.com/book/show/162.Untouchable
A Thousand Acres,Jane Smiley(Goodreads Author),"3.83 avg rating — 73,649 ratings",https://www.goodreads.com/book/show/901879.A_Thousand_Acres
The Echoing Grove,Rosamond Lehmann,3.56 avg rating — 385 ratings,https://www.goodreads.com/book/show/1473860.The_Echoing_Grove
Vathek,William Beckford,"3.22 avg rating — 7,639 ratings",https://www.goodreads.com/book/show/859694.Vathek
One of Ours,Willa Cather,"3.97 avg rating — 10,432 ratings",https://www.goodreads.com/book/show/543137.One_of_Ours
A Long Long Way (Dunne Family #3),Sebastian Barry,"4.14 avg rating — 8,970 ratings",https://www.goodreads.com/book/show/379087.A_Long_Long_Way
The Sorrows of Young Werther,Johann Wolfgang von Goethe,"3.70 avg rating — 161,702 ratings",https://www.goodreads.com/book/show/16640.The_Sorrows_of_Young_Werther
Mister Johnson,Joyce Cary,3.47 avg rating — 493 ratings,https://www.goodreads.com/book/show/1606194.Mister_Johnson
"The Bourne Identity (Jason Bourne, #1)",Robert Ludlum,"4.05 avg rating — 443,639 ratings",https://www.goodreads.com/book/show/7869.The_Bourne_Identity
The Crow Road,Iain Banks,"4.09 avg rating — 24,749 ratings",https://www.goodreads.com/book/show/12021.The_Crow_Road
Death and the Penguin,Andrey Kurkov,"3.77 avg rating — 23,515 ratings",https://www.goodreads.com/book/show/152893.Death_and_the_Penguin
La Comedie Humaine: Scenes from Political Life,Honoré de Balzac,4.12 avg rating — 17 ratings,https://www.goodreads.com/book/show/240965.La_Comedie_Humaine
Slouching Towards Kalamazoo,Peter De Vries,3.74 avg rating — 584 ratings,https://www.goodreads.com/book/show/251995.Slouching_Towards_Kalamazoo
Ballet Shoes,Noel Streatfeild,"4.07 avg rating — 39,157 ratings",https://www.goodreads.com/book/show/10444.Ballet_Shoes
Camp Concentration,Thomas M. Disch,"3.73 avg rating — 3,152 ratings",https://www.goodreads.com/book/show/553907.Camp_Concentration
Greenmantle (Richard Hannay #2),John Buchan,"3.73 avg rating — 5,330 ratings",https://www.goodreads.com/book/show/8987398-greenmantle
Bouvard and Pécuchet,Gustave Flaubert,"3.82 avg rating — 4,550 ratings",https://www.goodreads.com/book/show/40763.Bouvard_and_P_cuchet
A Fairy Tale of New York,J.P. Donleavy,"3.72 avg rating — 1,270 ratings",https://www.goodreads.com/book/show/127017.A_Fairy_Tale_of_New_York
A Legacy,Sybille Bedford,3.64 avg rating — 973 ratings,https://www.goodreads.com/book/show/397112.A_Legacy
Foreign Affairs,Alison Lurie,"3.76 avg rating — 13,194 ratings",https://www.goodreads.com/book/show/202897.Foreign_Affairs
I Am Legend,Richard Matheson,"4.05 avg rating — 159,037 ratings",https://www.goodreads.com/book/show/40940649-i-am-legend
"Wieland, or, The Transformation (Carwin, #1)",Charles Brockden Brown,"3.17 avg rating — 2,035 ratings",https://www.goodreads.com/book/show/402838.Wieland_or_The_Transformation
Humboldt's Gift,Saul Bellow,"3.84 avg rating — 10,275 ratings",https://www.goodreads.com/book/show/11494.Humboldt_s_Gift
Vile Bodies,Evelyn Waugh,"3.71 avg rating — 18,191 ratings",https://www.goodreads.com/book/show/142492.Vile_Bodies
The Home and the World,Rabindranath Tagore,"3.84 avg rating — 6,219 ratings",https://www.goodreads.com/book/show/174216.The_Home_and_the_World
Ennui,Maria Edgeworth,3.39 avg rating — 219 ratings,https://www.goodreads.com/book/show/6552640-ennui
Samarkand,Amin Maalouf(Goodreads Author),"4.24 avg rating — 32,646 ratings",https://www.goodreads.com/book/show/142395.Samarkand
Rogue Moon,Algis Budrys,"3.47 avg rating — 3,392 ratings",https://www.goodreads.com/book/show/939709.Rogue_Moon
The Mysteries of Udolpho,Ann Radcliffe,"3.43 avg rating — 17,739 ratings",https://www.goodreads.com/book/show/93134.The_Mysteries_of_Udolpho
"Joy in the Morning (Jeeves, #8)",P.G. Wodehouse,"4.28 avg rating — 13,643 ratings",https://www.goodreads.com/book/show/10345645-joy-in-the-morning
Clayhanger (The Five Towns #6),Arnold Bennett,really liked it4.00 avg rating — 544 ratings,https://www.goodreads.com/book/show/1327976.Clayhanger
Kaas,Willem Elsschot,"3.59 avg rating — 8,906 ratings",https://www.goodreads.com/book/show/1059967.Kaas
Two Serious Ladies,Jane Bowles,"3.57 avg rating — 4,622 ratings",https://www.goodreads.com/book/show/215262.Two_Serious_Ladies
The Coming Race,Edward Bulwer-Lytton,"3.24 avg rating — 1,855 ratings",https://www.goodreads.com/book/show/1014436.The_Coming_Race
The Last September,Elizabeth Bowen,"3.45 avg rating — 3,846 ratings",https://www.goodreads.com/book/show/195990.The_Last_September
Caprice,Ronald Firbank,3.02 avg rating — 92 ratings,https://www.goodreads.com/book/show/1700790.Caprice
The Silent Duchess,Dacia Maraini,"3.67 avg rating — 4,044 ratings",https://www.goodreads.com/book/show/392005.The_Silent_Duchess
Adam Bede,George Eliot,"3.83 avg rating — 26,714 ratings",https://www.goodreads.com/book/show/20563.Adam_Bede
The End of the World News,Anthony Burgess,3.80 avg rating — 809 ratings,https://www.goodreads.com/book/show/96574.The_End_of_the_World_News
Room at the Top,John Braine,"3.69 avg rating — 2,688 ratings",https://www.goodreads.com/book/show/1775733.Room_at_the_Top
Towards the End of the Morning,Michael Frayn,"3.63 avg rating — 1,444 ratings",https://www.goodreads.com/book/show/287019.Towards_the_End_of_the_Morning
The Death of Virgil,Hermann Broch,"4.15 avg rating — 1,912 ratings",https://www.goodreads.com/book/show/27426.The_Death_of_Virgil
"So Long, See You Tomorrow",William Maxwell,"3.84 avg rating — 19,473 ratings",https://www.goodreads.com/book/show/14276.So_Long_See_You_Tomorrow
Tales of the South Pacific,James A. Michener,"4.04 avg rating — 16,841 ratings",https://www.goodreads.com/book/show/133488.Tales_of_the_South_Pacific
Under the Net,Iris Murdoch,"3.78 avg rating — 16,760 ratings",https://www.goodreads.com/book/show/907650.Under_the_Net
Black Mischief,Evelyn Waugh,"3.68 avg rating — 3,730 ratings",https://www.goodreads.com/book/show/23466111-black-mischief
Shirley,Charlotte Brontë,"3.75 avg rating — 37,586 ratings",https://www.goodreads.com/book/show/31168.Shirley
The Polyglots,William Gerhardie,3.41 avg rating — 317 ratings,https://www.goodreads.com/book/show/880198.The_Polyglots
Evelina,Frances Burney,"3.71 avg rating — 19,256 ratings",https://www.goodreads.com/book/show/37638.Evelina
The Egoist,George Meredith,"3.65 avg rating — 1,776 ratings",https://www.goodreads.com/book/show/971088.The_Egoist
Malice Aforethought,Francis Iles,"3.93 avg rating — 2,228 ratings",https://www.goodreads.com/book/show/6087210-malice-aforethought
The Moviegoer,Walker Percy,"3.64 avg rating — 31,786 ratings",https://www.goodreads.com/book/show/10739.The_Moviegoer
The Kingdom of This World,Alejo Carpentier,"3.78 avg rating — 8,723 ratings",https://www.goodreads.com/book/show/669450.The_Kingdom_of_This_World
The Corrections,Jonathan Franzen,"3.85 avg rating — 202,457 ratings",https://www.goodreads.com/book/show/3805.The_Corrections
Brewster's Millions,George Barr McCutcheon,3.65 avg rating — 994 ratings,https://www.goodreads.com/book/show/563351.Brewster_s_Millions
Tropic of Cancer,Henry Miller,"3.65 avg rating — 79,577 ratings",https://www.goodreads.com/book/show/249.Tropic_of_Cancer
Herzog,Saul Bellow,"3.75 avg rating — 23,278 ratings",https://www.goodreads.com/book/show/6551.Herzog
"What a Carve Up! (The Winshaw Legacy, #1)",Jonathan Coe(Goodreads Author),"4.11 avg rating — 13,448 ratings",https://www.goodreads.com/book/show/193873.What_a_Carve_Up_
Squire Haggard's Journal,Michael Frederick Green,3.72 avg rating — 36 ratings,https://www.goodreads.com/book/show/257056.Squire_Haggard_s_Journal
The Sound of My Voice,Ron Butlin(Goodreads Author),3.87 avg rating — 601 ratings,https://www.goodreads.com/book/show/1006746.The_Sound_of_My_Voice
Patience & Sarah,Isabel Miller,"3.92 avg rating — 5,291 ratings",https://www.goodreads.com/book/show/31186.Patience_Sarah
Beyond Black,Hilary Mantel,"3.43 avg rating — 10,380 ratings",https://www.goodreads.com/book/show/101923.Beyond_Black
"The Beast Must Die (Nigel Strangeways, #4)",Nicholas  Blake,"3.75 avg rating — 2,084 ratings",https://www.goodreads.com/book/show/437855.The_Beast_Must_Die
Mr. Blandings Builds His Dream House,Eric Hodgins,3.74 avg rating — 867 ratings,https://www.goodreads.com/book/show/142440.Mr_Blandings_Builds_His_Dream_House
L'isola di Arturo,Elsa Morante,"4.03 avg rating — 16,240 ratings",https://www.goodreads.com/book/show/1158388.L_isola_di_Arturo
Count Belisarius,Robert Graves,"4.03 avg rating — 3,040 ratings",https://www.goodreads.com/book/show/324312.Count_Belisarius
The Rainbow,D.H. Lawrence,"3.70 avg rating — 21,966 ratings",https://www.goodreads.com/book/show/1030112.The_Rainbow
The Mark of Zorro,Johnston McCulley,"really liked it4.00 avg rating — 7,367 ratings",https://www.goodreads.com/book/show/2571915-the-mark-of-zorro
The Four Just Men,Edgar Wallace,"3.55 avg rating — 1,538 ratings",https://www.goodreads.com/book/show/2008348.The_Four_Just_Men
The Lecturer's Tale,James Hynes,3.48 avg rating — 966 ratings,https://www.goodreads.com/book/show/319893.The_Lecturer_s_Tale
The Wapshot Chronicle,John Cheever,"3.75 avg rating — 7,659 ratings",https://www.goodreads.com/book/show/11890.The_Wapshot_Chronicle
The Painter of Signs,R.K. Narayan,"3.64 avg rating — 2,668 ratings",https://www.goodreads.com/book/show/18724.The_Painter_of_Signs
A Lost Lady,Willa Cather,"3.72 avg rating — 8,502 ratings",https://www.goodreads.com/book/show/48200.A_Lost_Lady
Mr Norris Changes Trains,Christopher Isherwood,"3.75 avg rating — 6,246 ratings",https://www.goodreads.com/book/show/705163.Mr_Norris_Changes_Trains
Delta of Venus,Anaïs Nin,"3.60 avg rating — 26,979 ratings",https://www.goodreads.com/book/show/11041.Delta_of_Venus
"Blood Meridian, or, the Evening Redness in the West",Cormac McCarthy,"4.14 avg rating — 239,558 ratings",https://www.goodreads.com/book/show/394535.Blood_Meridian_or_the_Evening_Redness_in_the_West
The Einstein Intersection,Samuel R. Delany,"3.55 avg rating — 6,446 ratings",https://www.goodreads.com/book/show/145354.The_Einstein_Intersection
The Madman of Bergerac,Georges Simenon,"3.73 avg rating — 2,543 ratings",https://www.goodreads.com/book/show/440799.The_Madman_of_Bergerac
The Book of Daniel,E.L. Doctorow,"3.86 avg rating — 6,042 ratings",https://www.goodreads.com/book/show/411761.The_Book_of_Daniel
The Mighty Walzer,Howard Jacobson,3.49 avg rating — 486 ratings,https://www.goodreads.com/book/show/478309.The_Mighty_Walzer
The Vagabond,Colette,"3.88 avg rating — 5,381 ratings",https://www.goodreads.com/book/show/89842.The_Vagabond
All Souls' Day,Cees Nooteboom,"3.70 avg rating — 1,264 ratings",https://www.goodreads.com/book/show/326020.All_Souls_Day
Amongst Women,John McGahern,"3.96 avg rating — 6,026 ratings",https://www.goodreads.com/book/show/304209.Amongst_Women
Pictures from an Institution,Randall Jarrell,3.44 avg rating — 518 ratings,https://www.goodreads.com/book/show/80989.Pictures_from_an_Institution
Manservant and Maidservant,Ivy Compton-Burnett,3.43 avg rating — 522 ratings,https://www.goodreads.com/book/show/410138.Manservant_and_Maidservant
Manon Lescaut,Antoine François Prévost d'Exiles,"3.30 avg rating — 17,821 ratings",https://www.goodreads.com/book/show/577246.Manon_Lescaut
The Castle,Franz Kafka,"3.91 avg rating — 79,166 ratings",https://www.goodreads.com/book/show/333538.The_Castle
"Clarissa, or, The History of a Young Lady",Samuel Richardson,"3.40 avg rating — 8,622 ratings",https://www.goodreads.com/book/show/529243.Clarissa_or_The_History_of_a_Young_Lady
Melmoth the Wanderer,Charles Robert Maturin,"3.72 avg rating — 5,764 ratings",https://www.goodreads.com/book/show/207313.Melmoth_the_Wanderer
Strait is the Gate,André Gide,"3.57 avg rating — 6,615 ratings",https://www.goodreads.com/book/show/469406.Strait_is_the_Gate
Sentimental Education,Gustave Flaubert,"3.81 avg rating — 25,514 ratings",https://www.goodreads.com/book/show/2183.Sentimental_Education
The Debt to Pleasure,John Lanchester,"3.74 avg rating — 3,243 ratings",https://www.goodreads.com/book/show/169510.The_Debt_to_Pleasure
Roxana,Daniel Defoe,"3.41 avg rating — 5,826 ratings",https://www.goodreads.com/book/show/332152.Roxana
"Erewhon (Erewhon, #1)",Samuel Butler,"3.28 avg rating — 4,765 ratings",https://www.goodreads.com/book/show/516570.Erewhon
The Immoralist,André Gide,"3.54 avg rating — 14,051 ratings",https://www.goodreads.com/book/show/19468140-the-immoralist
"The Remorseful Day (Inspector Morse, #13)",Colin Dexter,"4.24 avg rating — 6,185 ratings",https://www.goodreads.com/book/show/76912.The_Remorseful_Day
My New York Diary,Julie Doucet,"3.83 avg rating — 3,089 ratings",https://www.goodreads.com/book/show/223791.My_New_York_Diary
The Family Moskat,Isaac Bashevis Singer,"4.23 avg rating — 1,970 ratings",https://www.goodreads.com/book/show/718666.The_Family_Moskat
Vineland,Thomas Pynchon,"3.74 avg rating — 19,581 ratings",https://www.goodreads.com/book/show/59721.Vineland
"Nice Work (The Campus Trilogy, #3)",David Lodge,"3.86 avg rating — 6,108 ratings",https://www.goodreads.com/book/show/69935.Nice_Work
Kim,Rudyard Kipling,"3.70 avg rating — 40,671 ratings",https://www.goodreads.com/book/show/210834.Kim
The Millstone,Margaret Drabble,"3.90 avg rating — 4,089 ratings",https://www.goodreads.com/book/show/105021.The_Millstone
Earthly Powers,Anthony Burgess,"4.13 avg rating — 3,473 ratings",https://www.goodreads.com/book/show/8822.Earthly_Powers
"Hello Summer, Goodbye",Michael G. Coney,4.04 avg rating — 323 ratings,https://www.goodreads.com/book/show/1212830.Hello_Summer_Goodbye
The League of Frightened Men (Nero Wolfe #2),Rex Stout,"4.09 avg rating — 8,105 ratings",https://www.goodreads.com/book/show/15836322-the-league-of-frightened-men
Vendetta,Michael Dibdin,"3.81 avg rating — 2,586 ratings",https://www.goodreads.com/book/show/750285.Vendetta
"England, their England",A.G. Macdonell,3.67 avg rating — 614 ratings,https://www.goodreads.com/book/show/847987.England_their_England
A Sport and a Pastime,James Salter,"3.64 avg rating — 11,892 ratings",https://www.goodreads.com/book/show/114511.A_Sport_and_a_Pastime
Confederates,Thomas Keneally,"4.09 avg rating — 1,384 ratings",https://www.goodreads.com/book/show/2435104.Confederates
"The Castle of Otranto, The Mysteries of Udolpho, Northanger Abbey","Holt, Rinehart and Winston, Inc.(Editor)",3.71 avg rating — 82 ratings,https://www.goodreads.com/book/show/1892659.The_Castle_of_Otranto_The_Mysteries_of_Udolpho_Northanger_Abbey
The Counterfeiters,André Gide,"3.82 avg rating — 10,632 ratings",https://www.goodreads.com/book/show/70105.The_Counterfeiters
Memoirs of a Gnostic Dwarf,David Madsen,3.67 avg rating — 626 ratings,https://www.goodreads.com/book/show/592549.Memoirs_of_a_Gnostic_Dwarf
"The Sportswriter (Frank Bascombe, #1)",Richard Ford,"3.69 avg rating — 20,509 ratings",https://www.goodreads.com/book/show/40722.The_Sportswriter
The Reluctant Orphan,Sara Seale,2.90 avg rating — 52 ratings,https://www.goodreads.com/book/show/2659235-the-reluctant-orphan
"Rabbit Redux (Rabbit Angstrom, #2)",John Updike,"3.81 avg rating — 16,777 ratings",https://www.goodreads.com/book/show/46917.Rabbit_Redux
The Odd Women,George Gissing,"3.85 avg rating — 5,797 ratings",https://www.goodreads.com/book/show/675037.The_Odd_Women
"Black and Blue (Inspector Rebus, #8)",Ian Rankin(Goodreads Author),"4.09 avg rating — 19,352 ratings",https://www.goodreads.com/book/show/8187250-black-and-blue
"Bright Lights, Big City",Jay McInerney(Goodreads Author),"3.81 avg rating — 38,183 ratings",https://www.goodreads.com/book/show/86147.Bright_Lights_Big_City
Spies,Michael Frayn,"3.55 avg rating — 6,562 ratings",https://www.goodreads.com/book/show/287022.Spies
The Good Soldier,Ford Madox Ford,"3.66 avg rating — 29,439 ratings",https://www.goodreads.com/book/show/8137464-the-good-soldier
New Grub Street,George Gissing,"3.79 avg rating — 6,577 ratings",https://www.goodreads.com/book/show/782519.New_Grub_Street
Puckoon,Spike Milligan,"3.70 avg rating — 4,022 ratings",https://www.goodreads.com/book/show/887348.Puckoon
Les caves du Vatican,André Gide,"3.62 avg rating — 3,728 ratings",https://www.goodreads.com/book/show/413496.Les_caves_du_Vatican
By Grand Central Station I Sat Down and Wept,Elizabeth  Smart,"3.45 avg rating — 8,464 ratings",https://www.goodreads.com/book/show/48987.By_Grand_Central_Station_I_Sat_Down_and_Wept
The Restraint of Beasts,Magnus Mills,"3.87 avg rating — 3,880 ratings",https://www.goodreads.com/book/show/323208.The_Restraint_of_Beasts
The Shrimp and the Anemone,L.P. Hartley,3.80 avg rating — 407 ratings,https://www.goodreads.com/book/show/1560965.The_Shrimp_and_the_Anemone
Waterland,Graham Swift,"3.89 avg rating — 10,330 ratings",https://www.goodreads.com/book/show/148639.Waterland
Blott on the Landscape,Tom Sharpe,"3.92 avg rating — 4,189 ratings",https://www.goodreads.com/book/show/28936447-blott-on-the-landscape
Mother,Maxim Gorky,"3.97 avg rating — 19,668 ratings",https://www.goodreads.com/book/show/88043.Mother
Titmuss Regained,John Mortimer,3.74 avg rating — 556 ratings,https://www.goodreads.com/book/show/763554.Titmuss_Regained
Diary of a Mad Old Man,Jun'ichirō Tanizaki,"3.45 avg rating — 3,981 ratings",https://www.goodreads.com/book/show/93840.Diary_of_a_Mad_Old_Man
She,H. Rider Haggard,"3.56 avg rating — 14,421 ratings",https://www.goodreads.com/book/show/18710403-she
Lanark: A Life in Four Books,Alasdair Gray,"4.10 avg rating — 8,115 ratings",https://www.goodreads.com/book/show/161037.Lanark
The Sacred Book of the Werewolf,Victor Pelevin,"3.83 avg rating — 5,866 ratings",https://www.goodreads.com/book/show/3212912-the-sacred-book-of-the-werewolf
First Love,Ivan Turgenev,"3.77 avg rating — 27,433 ratings",https://www.goodreads.com/book/show/3532.First_Love
The Blackwater Lightship,Colm Tóibín,"3.96 avg rating — 9,260 ratings",https://www.goodreads.com/book/show/43702.The_Blackwater_Lightship
Red Shift,Alan Garner,"3.61 avg rating — 1,784 ratings",https://www.goodreads.com/book/show/307220.Red_Shift
L'Institut Benjamenta,Robert Walser,"3.87 avg rating — 6,236 ratings",https://www.goodreads.com/book/show/196040.L_Institut_Benjamenta
V.,Thomas Pynchon,"3.97 avg rating — 25,928 ratings",https://www.goodreads.com/book/show/5777470-v
Penrod,Booth Tarkington,"3.92 avg rating — 1,639 ratings",https://www.goodreads.com/book/show/8127079-penrod
Love on the Dole,Walter Greenwood,"3.93 avg rating — 1,368 ratings",https://www.goodreads.com/book/show/2438254.Love_on_the_Dole
Three Paradoxes,Paul Hornschemeier,3.28 avg rating — 809 ratings,https://www.goodreads.com/book/show/824328.Three_Paradoxes
The Castafiore Emerald (Tintin #21),Hergé,"3.96 avg rating — 12,339 ratings",https://www.goodreads.com/book/show/146106.The_Castafiore_Emerald
"The Black Dahlia (L.A. Quartet, #1)",James Ellroy,"3.80 avg rating — 101,023 ratings",https://www.goodreads.com/book/show/21704.The_Black_Dahlia
Just William,Richmal Crompton,"4.08 avg rating — 5,598 ratings",https://www.goodreads.com/book/show/25358307-just-william
Les revenentes,Georges Perec,3.45 avg rating — 93 ratings,https://www.goodreads.com/book/show/516336.Les_revenentes
The Ambassadors,Henry James,"3.63 avg rating — 13,148 ratings",https://www.goodreads.com/book/show/775366.The_Ambassadors
"Independence Day (Frank Bascombe, #2)",Richard Ford,"3.86 avg rating — 16,939 ratings",https://www.goodreads.com/book/show/12374.Independence_Day
La Vie mode d'emploi,Georges Perec,"4.17 avg rating — 10,522 ratings",https://www.goodreads.com/book/show/411678.La_Vie_mode_d_emploi
No Orchids for Miss Blandish (Blandish's Orchids and Dave Fenner #1),James Hadley Chase,"3.77 avg rating — 3,060 ratings",https://www.goodreads.com/book/show/521118.No_Orchids_for_Miss_Blandish
Washington Square,Henry James,"3.71 avg rating — 26,562 ratings",https://www.goodreads.com/book/show/133954.Washington_Square
Daniel Deronda,George Eliot,"3.87 avg rating — 27,159 ratings",https://www.goodreads.com/book/show/304.Daniel_Deronda
"The Graduate (The Graduate, #1)",Charles Webb,"3.34 avg rating — 12,276 ratings",https://www.goodreads.com/book/show/71047.The_Graduate
"Ada, or Ardor: A Family Chronicle",Vladimir Nabokov,"4.12 avg rating — 13,277 ratings",https://www.goodreads.com/book/show/12187.Ada_or_Ardor
The Way We Live Now,Anthony Trollope,"4.10 avg rating — 14,385 ratings",https://www.goodreads.com/book/show/149785.The_Way_We_Live_Now
Chronicle in Stone,Ismail Kadare,"4.08 avg rating — 5,001 ratings",https://www.goodreads.com/book/show/708124.Chronicle_in_Stone
My Search for Warren Harding,Robert Plunket,"3.78 avg rating — 1,441 ratings",https://www.goodreads.com/book/show/638363.My_Search_for_Warren_Harding
Ulysses,James Joyce,"3.76 avg rating — 140,966 ratings",https://www.goodreads.com/book/show/338798.Ulysses
East Lynne,Mrs. Henry Wood,"3.74 avg rating — 5,425 ratings",https://www.goodreads.com/book/show/1109858.East_Lynne
"Light (Kefahuchi Tract, #1)",M. John Harrison,"3.61 avg rating — 6,945 ratings",https://www.goodreads.com/book/show/17735.Light
"Bold as Love (Bold as Love, #1)",Gwyneth Jones,3.37 avg rating — 300 ratings,https://www.goodreads.com/book/show/1118463.Bold_as_Love
The Old Wives' Tale,Arnold Bennett,"3.85 avg rating — 4,854 ratings",https://www.goodreads.com/book/show/18948786-the-old-wives-tale
A Girl in Winter,Philip Larkin,"3.75 avg rating — 1,740 ratings",https://www.goodreads.com/book/show/1103562.A_Girl_in_Winter
A Time to Be Born,Dawn Powell,"3.96 avg rating — 1,120 ratings",https://www.goodreads.com/book/show/180378.A_Time_to_Be_Born
Good Behaviour,Molly Keane,"3.87 avg rating — 4,268 ratings",https://www.goodreads.com/book/show/439712.Good_Behaviour
Rubyfruit Jungle,Rita Mae Brown,"3.91 avg rating — 48,386 ratings",https://www.goodreads.com/book/show/165395.Rubyfruit_Jungle
Revolutionary Road,Richard Yates,"3.94 avg rating — 95,227 ratings",https://www.goodreads.com/book/show/48328.Revolutionary_Road
Whisky Galore,Compton Mackenzie,"3.79 avg rating — 1,839 ratings",https://www.goodreads.com/book/show/655425.Whisky_Galore
Journey Into Fear,Eric Ambler,"3.92 avg rating — 4,480 ratings",https://www.goodreads.com/book/show/23493156-journey-into-fear
Zazie in the Metro,Raymond Queneau,"3.64 avg rating — 9,930 ratings",https://www.goodreads.com/book/show/28369.Zazie_in_the_Metro
The Buddha of Suburbia,Hanif Kureishi,"3.75 avg rating — 21,619 ratings",https://www.goodreads.com/book/show/302998.The_Buddha_of_Suburbia
The Influence,Ramsey Campbell,3.56 avg rating — 851 ratings,https://www.goodreads.com/book/show/218633.The_Influence
Captain Blood,Rafael Sabatini,"4.18 avg rating — 18,056 ratings",https://www.goodreads.com/book/show/158446.Captain_Blood
"Darkmans (Thames Gateway, #3)",Nicola Barker,"3.65 avg rating — 2,486 ratings",https://www.goodreads.com/book/show/1139452.Darkmans
"Alms for Oblivion, Vol. I",Simon Raven,4.30 avg rating — 153 ratings,https://www.goodreads.com/book/show/7040098-alms-for-oblivion-vol-i
Atomised,Michel Houellebecq,"3.80 avg rating — 52,263 ratings",https://www.goodreads.com/book/show/58371.Atomised
A Gun for Sale,Graham Greene,"3.64 avg rating — 4,232 ratings",https://www.goodreads.com/book/show/157307.A_Gun_for_Sale
The Unconsoled,Kazuo Ishiguro(Goodreads Author),"3.59 avg rating — 19,091 ratings",https://www.goodreads.com/book/show/40117.The_Unconsoled
Hurrah for St. Trinian's and Other Lapses,Ronald Searle,3.54 avg rating — 52 ratings,https://www.goodreads.com/book/show/7795623-hurrah-for-st-trinian-s-and-other-lapses
Great Apes,Will Self,"3.66 avg rating — 3,660 ratings",https://www.goodreads.com/book/show/40261.Great_Apes
Tono-Bungay,H.G. Wells,"3.43 avg rating — 1,530 ratings",https://www.goodreads.com/book/show/8668624-tono-bungay
The Butcher Boy,Patrick McCabe,"3.83 avg rating — 10,644 ratings",https://www.goodreads.com/book/show/82965.The_Butcher_Boy
The Westminster Alice,Saki,3.13 avg rating — 110 ratings,https://www.goodreads.com/book/show/23365395-the-westminster-alice
Office Politics,Wilfrid Sheed,3.43 avg rating — 281 ratings,https://www.goodreads.com/book/show/1482609.Office_Politics
The Assistant,Bernard Malamud,"3.90 avg rating — 11,356 ratings",https://www.goodreads.com/book/show/3068.The_Assistant
Joseph Andrews,Henry Fielding,"3.28 avg rating — 6,157 ratings",https://www.goodreads.com/book/show/110170.Joseph_Andrews
How the Dead Live,Will Self,"3.57 avg rating — 2,975 ratings",https://www.goodreads.com/book/show/119115.How_the_Dead_Live
Friday the Rabbi Slept Late (The Rabbi Small Mysteries #1),Harry Kemelman,"3.88 avg rating — 8,856 ratings",https://www.goodreads.com/book/show/16078796-friday-the-rabbi-slept-late
The Belles Lettres Papers,Charles Simmons,3.74 avg rating — 61 ratings,https://www.goodreads.com/book/show/39936868-the-belles-lettres-papers
The Chateau,William Maxwell,3.61 avg rating — 850 ratings,https://www.goodreads.com/book/show/291885.The_Chateau
"After London: or, Wild England",Richard Jefferies,3.08 avg rating — 916 ratings,https://www.goodreads.com/book/show/2220037.After_London
The Child in Time,Ian McEwan(Goodreads Author),"3.58 avg rating — 15,319 ratings",https://www.goodreads.com/book/show/19285042-the-child-in-time
The Adventures of Ferdinand Count Fathom,Tobias Smollett,3.35 avg rating — 82 ratings,https://www.goodreads.com/book/show/3167208-the-adventures-of-ferdinand-count-fathom
The Ordeal of Richard Feverel,George Meredith,3.53 avg rating — 329 ratings,https://www.goodreads.com/book/show/20708.The_Ordeal_of_Richard_Feverel
The Book of the New Sun,Gene Wolfe,"4.25 avg rating — 4,970 ratings",https://www.goodreads.com/book/show/968868.The_Book_of_the_New_Sun
Williwaw,Gore Vidal,3.45 avg rating — 492 ratings,https://www.goodreads.com/book/show/868040.Williwaw
"Last Seen Wearing (Inspector Morse, #2)",Colin Dexter,"3.82 avg rating — 8,684 ratings",https://www.goodreads.com/book/show/76910.Last_Seen_Wearing
Of Love and Hunger,Julian Maclaren-Ross,really liked it4.00 avg rating — 684 ratings,https://www.goodreads.com/book/show/75275.Of_Love_and_Hunger
Roderick Random,Tobias Smollett,"3.49 avg rating — 1,320 ratings",https://www.goodreads.com/book/show/478645.Roderick_Random
Oeuvres complètes: 101 titres La Comédie humaine,Honoré de Balzac,4.32 avg rating — 173 ratings,https://www.goodreads.com/book/show/18739516-oeuvres-compl-tes
Ruth,Elizabeth Gaskell,"3.87 avg rating — 10,238 ratings",https://www.goodreads.com/book/show/18910383-ruth
Put Out More Flags,Evelyn Waugh,"3.80 avg rating — 2,649 ratings",https://www.goodreads.com/book/show/105187.Put_Out_More_Flags
The Betrothed,Alessandro Manzoni,"3.89 avg rating — 18,453 ratings",https://www.goodreads.com/book/show/566328.The_Betrothed
The Expedition of Humphry Clinker,Tobias Smollett,"3.43 avg rating — 3,585 ratings",https://www.goodreads.com/book/show/415836.The_Expedition_of_Humphry_Clinker
Sour Sweet,timothy-mo,3.70 avg rating — 952 ratings,https://www.goodreads.com/book/show/201737.Sour_Sweet
The Ship,C.S. Forester,"4.08 avg rating — 1,889 ratings",https://www.goodreads.com/book/show/84726.The_Ship
Bel-Ami,Guy de Maupassant,"3.87 avg rating — 51,070 ratings",https://www.goodreads.com/book/show/780581.Bel_Ami
White Man Falling,Mike Stocks,3.43 avg rating — 257 ratings,https://www.goodreads.com/book/show/329251.White_Man_Falling
"Rabbit, Run (Rabbit Angstrom, #1)",John Updike,"3.59 avg rating — 64,538 ratings",https://www.goodreads.com/book/show/85386.Rabbit_Run
The Time of Indifference,Alberto Moravia,"3.73 avg rating — 11,252 ratings",https://www.goodreads.com/book/show/67145.The_Time_of_Indifference
"Handley Cross: or, Mr.Jorrocks's Hunt",Robert Smith Surtees,3.92 avg rating — 25 ratings,https://www.goodreads.com/book/show/940897.Handley_Cross
To the Ends of the Earth: A Sea Trilogy,William Golding,4.08 avg rating — 398 ratings,https://www.goodreads.com/book/show/10660.To_the_Ends_of_the_Earth
"Changing Places (The Campus Trilogy, #1)",David Lodge,"3.82 avg rating — 9,476 ratings",https://www.goodreads.com/book/show/69933.Changing_Places
A Tale of a Tub,Jonathan Swift,"3.44 avg rating — 2,134 ratings",https://www.goodreads.com/book/show/865879.A_Tale_of_a_Tub
The Virgin Suicides,Jeffrey Eugenides,"3.78 avg rating — 434,713 ratings",https://www.goodreads.com/book/show/10956.The_Virgin_Suicides
Being Dead,Jim Crace,"3.72 avg rating — 5,502 ratings",https://www.goodreads.com/book/show/92559.Being_Dead
When the Wind Blows,Raymond Briggs,"4.29 avg rating — 4,309 ratings",https://www.goodreads.com/book/show/489946.When_the_Wind_Blows
The Blue Room,Georges Simenon,"3.84 avg rating — 14,337 ratings",https://www.goodreads.com/book/show/13502150-the-blue-room
Personality,Andrew O'Hagan,3.51 avg rating — 340 ratings,https://www.goodreads.com/book/show/695824.Personality
Tropic Of Ruislip,Leslie Thomas,3.76 avg rating — 398 ratings,https://www.goodreads.com/book/show/1205806.Tropic_Of_Ruislip
Who Do You Think You Are?,Alice Munro,"3.89 avg rating — 7,513 ratings",https://www.goodreads.com/book/show/31662.Who_Do_You_Think_You_Are_
The Ragazzi,Pier Paolo Pasolini,"3.59 avg rating — 6,678 ratings",https://www.goodreads.com/book/show/967931.The_Ragazzi
Venus on the Half-Shell,Kilgore Trout(Pseudonym),"3.75 avg rating — 3,126 ratings",https://www.goodreads.com/book/show/171066.Venus_on_the_Half_Shell
A House for Mr Biswas,V.S. Naipaul,"3.81 avg rating — 22,690 ratings",https://www.goodreads.com/book/show/5849.A_House_for_Mr_Biswas
De Niro's Game,Rawi Hage,"3.78 avg rating — 4,160 ratings",https://www.goodreads.com/book/show/973960.De_Niro_s_Game
The Memoirs of a Survivor,Doris Lessing,"3.58 avg rating — 3,688 ratings",https://www.goodreads.com/book/show/371316.The_Memoirs_of_a_Survivor
"Trent's Last Case (Philip Trent, #1)",E.C. Bentley,"3.76 avg rating — 4,280 ratings",https://www.goodreads.com/book/show/994740.Trent_s_Last_Case
The Moon and the Bonfire,Cesare Pavese,"3.78 avg rating — 20,524 ratings",https://www.goodreads.com/book/show/132376.The_Moon_and_the_Bonfire
The Slaves of Solitude,Patrick Hamilton,"4.07 avg rating — 3,037 ratings",https://www.goodreads.com/book/show/176964.The_Slaves_of_Solitude
"The Magnificent Ambersons (The Growth Trilogy, #2)",Booth Tarkington,"3.79 avg rating — 12,387 ratings",https://www.goodreads.com/book/show/18442605-the-magnificent-ambersons
GB84,David Peace,"3.74 avg rating — 1,455 ratings",https://www.goodreads.com/book/show/277875.GB84
Molesworth,Geoffrey Willans,"4.27 avg rating — 1,252 ratings",https://www.goodreads.com/book/show/430450.Molesworth
Teach Us to Outgrow Our Madness,Kenzaburō Ōe,"3.84 avg rating — 2,675 ratings",https://www.goodreads.com/book/show/535316.Teach_Us_to_Outgrow_Our_Madness
Covenant with Death,John  Harris,4.57 avg rating — 686 ratings,https://www.goodreads.com/book/show/6004351-covenant-with-death
Jimmy Corrigan: The Smartest Kid on Earth,Chris Ware,"4.08 avg rating — 24,859 ratings",https://www.goodreads.com/book/show/34072.Jimmy_Corrigan
Sanctuary,William Faulkner,"3.63 avg rating — 15,341 ratings",https://www.goodreads.com/book/show/1059461.Sanctuary
Afternoon Men,Anthony  Powell,3.47 avg rating — 405 ratings,https://www.goodreads.com/book/show/146561.Afternoon_Men
Novel on Yellow Paper,Stevie Smith,3.54 avg rating — 597 ratings,https://www.goodreads.com/book/show/408704.Novel_on_Yellow_Paper
The Wimbledon Poisoner,Nigel Williams,"3.46 avg rating — 1,127 ratings",https://www.goodreads.com/book/show/530628.The_Wimbledon_Poisoner
The Night Sessions,Ken MacLeod,"3.56 avg rating — 1,085 ratings",https://www.goodreads.com/book/show/2945119-the-night-sessions
Smallbone Deceased,Michael    Gilbert,"4.05 avg rating — 2,861 ratings",https://www.goodreads.com/book/show/7956821-smallbone-deceased
Anglo-Saxon Attitudes,Angus Wilson,3.67 avg rating — 649 ratings,https://www.goodreads.com/book/show/1565613.Anglo_Saxon_Attitudes
Married Man,Piers Paul Read,3.89 avg rating — 188 ratings,https://www.goodreads.com/book/show/353473.Married_Man
From Here to Eternity,James  Jones,"4.08 avg rating — 18,303 ratings",https://www.goodreads.com/book/show/116114.From_Here_to_Eternity
The Map of Love,Ahdaf Soueif,"3.81 avg rating — 7,371 ratings",https://www.goodreads.com/book/show/89821.The_Map_of_Love
Pointed Roofs,Dorothy M. Richardson,3.39 avg rating — 357 ratings,https://www.goodreads.com/book/show/7697487-pointed-roofs
Andersonville,MacKinlay Kantor,"4.10 avg rating — 8,489 ratings",https://www.goodreads.com/book/show/77239.Andersonville
"The History of Rasselas, Prince of Abissinia",Samuel Johnson,"3.46 avg rating — 6,956 ratings",https://www.goodreads.com/book/show/530747.The_History_of_Rasselas_Prince_of_Abissinia
The Towers of Trebizond,Rose Macaulay,"3.68 avg rating — 1,891 ratings",https://www.goodreads.com/book/show/13539066-the-towers-of-trebizond
Anthills of the Savannah,Chinua Achebe,"3.85 avg rating — 4,674 ratings",https://www.goodreads.com/book/show/80213.Anthills_of_the_Savannah
The Man with the Golden Arm,Nelson Algren,"3.86 avg rating — 3,329 ratings",https://www.goodreads.com/book/show/383022.The_Man_with_the_Golden_Arm
"Bones and Silence (Dalziel & Pascoe, #11)",Reginald Hill,"4.02 avg rating — 3,059 ratings",https://www.goodreads.com/book/show/77180.Bones_and_Silence
Fortunes of Richard Mahony,Henry Handel Richardson,4.17 avg rating — 380 ratings,https://www.goodreads.com/book/show/2398995.Fortunes_of_Richard_Mahony
To Each His Own,Leonardo Sciascia,"3.82 avg rating — 7,877 ratings",https://www.goodreads.com/book/show/130220.To_Each_His_Own
Day,A.L. Kennedy,3.41 avg rating — 736 ratings,https://www.goodreads.com/book/show/871689.Day
Under Western Eyes,Joseph Conrad,"3.70 avg rating — 3,612 ratings",https://www.goodreads.com/book/show/6116347-under-western-eyes
"Staying On (The Raj Quartet, #5)",Paul Scott,"3.89 avg rating — 4,340 ratings",https://www.goodreads.com/book/show/414824.Staying_On
Epitaph for a Spy,Eric Ambler,"3.91 avg rating — 5,490 ratings",https://www.goodreads.com/book/show/46432.Epitaph_for_a_Spy
Last Exit to Brooklyn,Hubert Selby Jr.,"3.96 avg rating — 33,879 ratings",https://www.goodreads.com/book/show/50275.Last_Exit_to_Brooklyn
The Asphalt Jungle,W.R. Burnett,"3.92 avg rating — 2,391 ratings",https://www.goodreads.com/book/show/439283.The_Asphalt_Jungle
The Lonely Londoners,Sam Selvon,"3.70 avg rating — 14,403 ratings",https://www.goodreads.com/book/show/612888.The_Lonely_Londoners
The Three Sisters,May Sinclair,3.73 avg rating — 284 ratings,https://www.goodreads.com/book/show/2455799.The_Three_Sisters
"All the Pretty Horses (The Border Trilogy, #1)",Cormac McCarthy,"4.07 avg rating — 154,004 ratings",https://www.goodreads.com/book/show/469571.All_the_Pretty_Horses
The Naked and the Dead,Norman Mailer,"3.95 avg rating — 26,785 ratings",https://www.goodreads.com/book/show/12467.The_Naked_and_the_Dead
The Black Prince,Iris Murdoch,"3.96 avg rating — 7,253 ratings",https://www.goodreads.com/book/show/120182.The_Black_Prince
Ascent,Jed Mercurio,3.78 avg rating — 605 ratings,https://www.goodreads.com/book/show/490270.Ascent
Silence,Shūsaku Endō,"4.10 avg rating — 41,266 ratings",https://www.goodreads.com/book/show/25200.Silence
The Case of Comrade Tulayev,Victor Serge,"4.12 avg rating — 1,707 ratings",https://www.goodreads.com/book/show/79787.The_Case_of_Comrade_Tulayev
The Manchurian Candidate,Richard Condon,"4.08 avg rating — 25,189 ratings",https://www.goodreads.com/book/show/376514.The_Manchurian_Candidate
Ingenious Pain,Andrew  Miller,"3.72 avg rating — 2,055 ratings",https://www.goodreads.com/book/show/382468.Ingenious_Pain
"Ratking (Aurelio Zen, #1)",Michael Dibdin,"3.74 avg rating — 5,206 ratings",https://www.goodreads.com/book/show/715939.Ratking
Rickshaw Boy,Lao She,"3.92 avg rating — 2,841 ratings",https://www.goodreads.com/book/show/8016836-rickshaw-boy
"Sharpe's Eagle (Sharpe, #8)",Bernard Cornwell(Goodreads Author),"4.30 avg rating — 17,862 ratings",https://www.goodreads.com/book/show/557307.Sharpe_s_Eagle
"Dead Lagoon (Aurelio Zen, #4)",Michael Dibdin,"3.85 avg rating — 2,332 ratings",https://www.goodreads.com/book/show/800012.Dead_Lagoon
The Man Who Loved Children,Christina Stead,"3.56 avg rating — 4,732 ratings",https://www.goodreads.com/book/show/304344.The_Man_Who_Loved_Children
Barry Lyndon,William Makepeace Thackeray,"3.63 avg rating — 3,012 ratings",https://www.goodreads.com/book/show/29563342-barry-lyndon
A Rich Full Death,Michael Dibdin,3.53 avg rating — 443 ratings,https://www.goodreads.com/book/show/957054.A_Rich_Full_Death
The Children of the New Forest,Frederick Marryat,"3.89 avg rating — 6,208 ratings",https://www.goodreads.com/book/show/341865.The_Children_of_the_New_Forest
Mother London,Michael Moorcock,3.76 avg rating — 689 ratings,https://www.goodreads.com/book/show/60160.Mother_London
This Sporting Life,David Storey,3.59 avg rating — 577 ratings,https://www.goodreads.com/book/show/2125664.This_Sporting_Life
The Crime of Father Amaro,Eça de Queirós,"4.16 avg rating — 8,138 ratings",https://www.goodreads.com/book/show/1008335.The_Crime_of_Father_Amaro
Angel,Elizabeth Taylor,"3.90 avg rating — 3,412 ratings",https://www.goodreads.com/book/show/647121.Angel
The Cruel Sea,Nicholas Monsarrat,"4.24 avg rating — 8,570 ratings",https://www.goodreads.com/book/show/183586.The_Cruel_Sea
The Bottle Factory Outing,Beryl Bainbridge,"3.36 avg rating — 2,709 ratings",https://www.goodreads.com/book/show/448160.The_Bottle_Factory_Outing
The Red Room,August Strindberg,"3.24 avg rating — 4,659 ratings",https://www.goodreads.com/book/show/6452930-the-red-room
Death in Summer,William Trevor,"3.69 avg rating — 1,213 ratings",https://www.goodreads.com/book/show/599550.Death_in_Summer
History,Elsa Morante,"4.31 avg rating — 11,837 ratings",https://www.goodreads.com/book/show/1158380.History
"The Big Nowhere (L.A. Quartet, #2)",James Ellroy,"4.09 avg rating — 19,279 ratings",https://www.goodreads.com/book/show/36058.The_Big_Nowhere
The Getaway,Jim Thompson,"3.85 avg rating — 9,756 ratings",https://www.goodreads.com/book/show/19161905-the-getaway
Paz en la guerra,Miguel de Unamuno,3.47 avg rating — 134 ratings,https://www.goodreads.com/book/show/190738.Paz_en_la_guerra
The Sorrow of War,Bảo Ninh,"4.08 avg rating — 12,287 ratings",https://www.goodreads.com/book/show/780889.The_Sorrow_of_War
"The Last Chronicle of Barset (Chronicles of Barsetshire, #6)",Anthony Trollope,"4.20 avg rating — 6,505 ratings",https://www.goodreads.com/book/show/149789.The_Last_Chronicle_of_Barset
"The Rabbit Novels, Volume One: Rabbit, Run / Rabbit Redux",John Updike,"really liked it4.00 avg rating — 1,180 ratings",https://www.goodreads.com/book/show/11663.The_Rabbit_Novels_Volume_One
"The Neon Rain (Dave Robicheaux, #1)",James Lee Burke,"3.90 avg rating — 29,234 ratings",https://www.goodreads.com/book/show/55022.The_Neon_Rain
Wise Children,Angela Carter,"3.89 avg rating — 9,824 ratings",https://www.goodreads.com/book/show/1346619.Wise_Children
The King of Torts,John Grisham(Goodreads Author),"3.73 avg rating — 92,219 ratings",https://www.goodreads.com/book/show/5356.The_King_of_Torts
"Morvern Callar (Morvern Callar Cycle, #1)",Alan Warner,"3.69 avg rating — 4,907 ratings",https://www.goodreads.com/book/show/526164.Morvern_Callar
"The Valley of Bones (A Dance to the Music of Time, #7)",Anthony  Powell,"4.10 avg rating — 1,020 ratings",https://www.goodreads.com/book/show/363240.The_Valley_of_Bones
"The Virgin in the Garden (The Frederica Quartet, #1)",A.S. Byatt,"3.72 avg rating — 3,725 ratings",https://www.goodreads.com/book/show/86888.The_Virgin_in_the_Garden
Couples,John Updike,"3.59 avg rating — 5,954 ratings",https://www.goodreads.com/book/show/11662.Couples
Hangover Square,Patrick Hamilton,"4.13 avg rating — 5,965 ratings",https://www.goodreads.com/book/show/133238.Hangover_Square
The History of Mr. Polly,H.G. Wells,"3.64 avg rating — 2,254 ratings",https://www.goodreads.com/book/show/483583.The_History_of_Mr_Polly
"The Soldier's Art (A Dance to the Music of Time, #8)",Anthony  Powell,4.20 avg rating — 987 ratings,https://www.goodreads.com/book/show/2340615.The_Soldier_s_Art
The Poisoned Chocolates Case,Anthony Berkeley,"3.78 avg rating — 3,944 ratings",https://www.goodreads.com/book/show/6876415-the-poisoned-chocolates-case
Z,Vassilis Vassilikos,"4.02 avg rating — 1,655 ratings",https://www.goodreads.com/book/show/871294.Z
Black Sunday,Thomas  Harris,"3.62 avg rating — 9,652 ratings",https://www.goodreads.com/book/show/32417.Black_Sunday
Frost in May (Frost in May #1),Antonia White,"3.84 avg rating — 2,479 ratings",https://www.goodreads.com/book/show/1280771.Frost_in_May
"The Military Philosophers (A Dance to the Music of Time, #9)",Anthony  Powell,4.05 avg rating — 961 ratings,https://www.goodreads.com/book/show/1790475.The_Military_Philosophers
Tourist Season,Carl Hiaasen(Goodreads Author),"3.91 avg rating — 25,585 ratings",https://www.goodreads.com/book/show/13064.Tourist_Season
The Tree of Man,Patrick White,"3.96 avg rating — 2,290 ratings",https://www.goodreads.com/book/show/561413.The_Tree_of_Man
The Adventures of Baron Münchausen,Rudolf Erich Raspe,"3.79 avg rating — 8,451 ratings",https://www.goodreads.com/book/show/836924.The_Adventures_of_Baron_M_nchausen
La Bête humaine,Émile Zola,"4.03 avg rating — 13,575 ratings",https://www.goodreads.com/book/show/28417.La_B_te_humaine
The Friends of Eddie Coyle,George V. Higgins,"4.04 avg rating — 11,363 ratings",https://www.goodreads.com/book/show/82121.The_Friends_of_Eddie_Coyle
"I'll Go to Bed at Noon (The Jones Trilogy, #2)",Gerard Woodward(Goodreads Author),3.75 avg rating — 572 ratings,https://www.goodreads.com/book/show/461147.I_ll_Go_to_Bed_at_Noon
The Devil to Pay in the Backlands,João Guimarães Rosa,"4.62 avg rating — 6,679 ratings",https://www.goodreads.com/book/show/165017.The_Devil_to_Pay_in_the_Backlands
A Glastonbury Romance,John Cowper Powys,4.23 avg rating — 487 ratings,https://www.goodreads.com/book/show/959613.A_Glastonbury_Romance
Crome Yellow,Aldous Huxley,"3.42 avg rating — 9,138 ratings",https://www.goodreads.com/book/show/6587692-crome-yellow
The Driver's Seat,Muriel Spark,"3.58 avg rating — 15,290 ratings",https://www.goodreads.com/book/show/220423.The_Driver_s_Seat
Master Georgie,Beryl Bainbridge,"3.52 avg rating — 2,477 ratings",https://www.goodreads.com/book/show/220451.Master_Georgie
The Hunters,James Salter,"4.11 avg rating — 2,610 ratings",https://www.goodreads.com/book/show/174621.The_Hunters
An Ice-Cream War,William  Boyd,"3.92 avg rating — 4,726 ratings",https://www.goodreads.com/book/show/77833.An_Ice_Cream_War
Nightwood,Djuna Barnes,"3.60 avg rating — 15,247 ratings",https://www.goodreads.com/book/show/53101.Nightwood
Dirty Tricks,Michael Dibdin,3.61 avg rating — 575 ratings,https://www.goodreads.com/book/show/1604322.Dirty_Tricks
"A Rage in Harlem (Harlem Cycle, #1)",Chester Himes,"3.89 avg rating — 7,958 ratings",https://www.goodreads.com/book/show/565816.A_Rage_in_Harlem
52 Pickup,Elmore Leonard,"3.95 avg rating — 8,975 ratings",https://www.goodreads.com/book/show/288995.52_Pickup
The Garden of the Finzi-Continis,Giorgio Bassani,"3.77 avg rating — 15,755 ratings",https://www.goodreads.com/book/show/355789.The_Garden_of_the_Finzi_Continis
The Young Lions,Irwin Shaw,"4.25 avg rating — 4,705 ratings",https://www.goodreads.com/book/show/315511.The_Young_Lions
"Death at the President's Lodging (Sir John Appleby, #1)",Michael Innes,"3.53 avg rating — 2,064 ratings",https://www.goodreads.com/book/show/1360734.Death_at_the_President_s_Lodging
Love for Lydia,H.E. Bates,3.92 avg rating — 800 ratings,https://www.goodreads.com/book/show/548146.Love_for_Lydia
Tobacco Road,Erskine Caldwell,"3.70 avg rating — 16,110 ratings",https://www.goodreads.com/book/show/59091.Tobacco_Road
Castle Rackrent,Maria Edgeworth,"3.16 avg rating — 4,545 ratings",https://www.goodreads.com/book/show/251290.Castle_Rackrent
"The Pursuit of Love (Radlett & Montdore, #1)",Nancy Mitford,"3.95 avg rating — 23,750 ratings",https://www.goodreads.com/book/show/835458.The_Pursuit_of_Love
"A Taste for Death (Adam Dalgliesh, #7)",P.D. James,"4.02 avg rating — 16,986 ratings",https://www.goodreads.com/book/show/3830.A_Taste_for_Death
More Die of Heartbreak,Saul Bellow,"3.71 avg rating — 1,629 ratings",https://www.goodreads.com/book/show/133608.More_Die_of_Heartbreak
The Charterhouse of Parma,Stendhal,"3.79 avg rating — 20,557 ratings",https://www.goodreads.com/book/show/14680.The_Charterhouse_of_Parma
Beauty and Sadness,Yasunari Kawabata,"3.79 avg rating — 15,965 ratings",https://www.goodreads.com/book/show/2385744.Beauty_and_Sadness
The Death of the Heart,Elizabeth Bowen,"3.63 avg rating — 9,533 ratings",https://www.goodreads.com/book/show/91494.The_Death_of_the_Heart
"The History Of Pompey The Little: Or, The Life And Adventures Of A Lap-dog",Francis Coventry,2.91 avg rating — 117 ratings,https://www.goodreads.com/book/show/12841481-the-history-of-pompey-the-little
The Adventures of Peregrine Pickle,Tobias Smollett,3.41 avg rating — 782 ratings,https://www.goodreads.com/book/show/11182626-the-adventures-of-peregrine-pickle
The Heat of the Day,Elizabeth Bowen,"3.38 avg rating — 2,939 ratings",https://www.goodreads.com/book/show/195987.The_Heat_of_the_Day
A Sentimental Journey,Laurence Sterne,"3.30 avg rating — 6,546 ratings",https://www.goodreads.com/book/show/762821.A_Sentimental_Journey
Bomber,Len Deighton,"4.20 avg rating — 3,584 ratings",https://www.goodreads.com/book/show/171625.Bomber
"Get Shorty (Chili Palmer, #1)",Elmore Leonard,"3.96 avg rating — 26,010 ratings",https://www.goodreads.com/book/show/702539.Get_Shorty
Look at Me,Anita Brookner,"3.95 avg rating — 2,826 ratings",https://www.goodreads.com/book/show/84512.Look_at_Me
A Flag for Sunrise,Robert  Stone,"3.86 avg rating — 1,161 ratings",https://www.goodreads.com/book/show/241951.A_Flag_for_Sunrise
Headlong Hall,Thomas Love Peacock,3.38 avg rating — 187 ratings,https://www.goodreads.com/book/show/132247.Headlong_Hall
Three Soldiers,John Dos Passos,"3.55 avg rating — 1,388 ratings",https://www.goodreads.com/book/show/7105.Three_Soldiers
Tom Brown's Schooldays,Thomas Hughes,"3.45 avg rating — 3,111 ratings",https://www.goodreads.com/book/show/36158558-tom-brown-s-schooldays
Motherless Brooklyn,Jonathan Lethem,"3.86 avg rating — 43,088 ratings",https://www.goodreads.com/book/show/328854.Motherless_Brooklyn
Sophie’s Choice,William Styron,"4.17 avg rating — 95,340 ratings",https://www.goodreads.com/book/show/228560.Sophie_s_Choice
South Wind,Franz Clemens Brentano,3.61 avg rating — 339 ratings,https://www.goodreads.com/book/show/1198855.South_Wind
The Unbearable Bassington,Saki,3.76 avg rating — 712 ratings,https://www.goodreads.com/book/show/36286441-the-unbearable-bassington
A Month in the Country,J.L. Carr,"4.07 avg rating — 32,125 ratings",https://www.goodreads.com/book/show/60707.A_Month_in_the_Country
"Justine (The Alexandria Quartet, #1)",Lawrence Durrell,"3.84 avg rating — 10,443 ratings",https://www.goodreads.com/book/show/13037.Justine
Claudine at School,Colette,"3.72 avg rating — 2,955 ratings",https://www.goodreads.com/book/show/1100574.Claudine_at_School
"Men at Arms (Sword of Honour, #1)",Evelyn Waugh,"3.89 avg rating — 3,822 ratings",https://www.goodreads.com/book/show/264121.Men_at_Arms
Millennium People,J.G. Ballard,"3.38 avg rating — 2,961 ratings",https://www.goodreads.com/book/show/70261.Millennium_People
The Bamboo Bed,William Eastlake,3.60 avg rating — 47 ratings,https://www.goodreads.com/book/show/3595749-the-bamboo-bed
A Quiet Belief in Angels,R.J. Ellory,"3.85 avg rating — 7,166 ratings",https://www.goodreads.com/book/show/9970255-a-quiet-belief-in-angels
"Toxic Shock (V.I. Warshawski, #5)",Sara Paretsky(Goodreads Author),"4.02 avg rating — 10,314 ratings",https://www.goodreads.com/book/show/482026.Toxic_Shock
The Princesse de Clèves,Madame de La Fayette,"3.35 avg rating — 19,462 ratings",https://www.goodreads.com/book/show/354364.The_Princesse_de_Cl_ves
The Insult,Rupert Thomson,"3.64 avg rating — 1,457 ratings",https://www.goodreads.com/book/show/285810.The_Insult
"Sybil, or the Two Nations",Benjamin Disraeli,"3.30 avg rating — 1,305 ratings",https://www.goodreads.com/book/show/327008.Sybil_or_the_Two_Nations
"Nineteen Seventy-Four (Red Riding, #1)",David Peace,"3.62 avg rating — 6,468 ratings",https://www.goodreads.com/book/show/659058.Nineteen_Seventy_Four
The Parasites,Daphne du Maurier,"3.72 avg rating — 3,087 ratings",https://www.goodreads.com/book/show/18869975-the-parasites
Parade's End,Ford Madox Ford,"3.87 avg rating — 6,909 ratings",https://www.goodreads.com/book/show/777824.Parade_s_End
A Heart So White,Javier Marías,"4.02 avg rating — 19,633 ratings",https://www.goodreads.com/book/show/1198391.A_Heart_So_White
"The Hanging Garden (Inspector Rebus, #9)",Ian Rankin(Goodreads Author),"4.09 avg rating — 14,765 ratings",https://www.goodreads.com/book/show/2865169-the-hanging-garden
"Nineteen Seventy Seven (Red Riding, #2)",David Peace,"3.85 avg rating — 3,658 ratings",https://www.goodreads.com/book/show/659059.Nineteen_Seventy_Seven
The Big Blowdown (D.C. Quartet #1),George P. Pelecanos,"4.04 avg rating — 2,871 ratings",https://www.goodreads.com/book/show/307439.The_Big_Blowdown
The Strange Boarders of Palace Crescent,E. Phillips Oppenheim,3.53 avg rating — 38 ratings,https://www.goodreads.com/book/show/25324777-the-strange-boarders-of-palace-crescent
Hard Revolution (Derek Strange & Terry Quinn #4),George P. Pelecanos,"3.97 avg rating — 2,802 ratings",https://www.goodreads.com/book/show/307548.Hard_Revolution
Lush Life,Richard Price,"3.73 avg rating — 15,219 ratings",https://www.goodreads.com/book/show/1862313.Lush_Life
Living,Henry Green,3.67 avg rating — 535 ratings,https://www.goodreads.com/book/show/1005167.Living
The Great Impersonation,E. Phillips Oppenheim,"3.90 avg rating — 1,061 ratings",https://www.goodreads.com/book/show/19430599-the-great-impersonation
A Judgement in Stone,Ruth Rendell,"3.89 avg rating — 8,310 ratings",https://www.goodreads.com/book/show/83412.A_Judgement_in_Stone
The Well of Loneliness,Radclyffe Hall,"3.77 avg rating — 20,289 ratings",https://www.goodreads.com/book/show/129223.The_Well_of_Loneliness
The Woodlanders,Thomas Hardy,"3.90 avg rating — 18,275 ratings",https://www.goodreads.com/book/show/341281.The_Woodlanders
Live Flesh,Ruth Rendell,"3.74 avg rating — 1,845 ratings",https://www.goodreads.com/book/show/83411.Live_Flesh
The Transit of Venus,Shirley Hazzard,"4.02 avg rating — 5,465 ratings",https://www.goodreads.com/book/show/12738.The_Transit_of_Venus
The Old Men at the Zoo,Angus Wilson,3.38 avg rating — 132 ratings,https://www.goodreads.com/book/show/1654440.The_Old_Men_at_the_Zoo
"The Case of the Gilded Fly (Gervase Fen, #1)",Edmund Crispin,"3.50 avg rating — 3,646 ratings",https://www.goodreads.com/book/show/301321.The_Case_of_the_Gilded_Fly
The Swimming-Pool Library,Alan Hollinghurst,"3.71 avg rating — 11,591 ratings",https://www.goodreads.com/book/show/30106.The_Swimming_Pool_Library
A Dark-Adapted Eye,Barbara Vine(Pseudonym),"3.93 avg rating — 10,140 ratings",https://www.goodreads.com/book/show/83422.A_Dark_Adapted_Eye
A Fatal Inversion,Barbara Vine,"3.94 avg rating — 4,915 ratings",https://www.goodreads.com/book/show/420967.A_Fatal_Inversion
